date,open,high,low,close,aggregate_open_interest,aggregate_volume,cot_commercial_net,specs_positioning,ma20,ma50,commodity,ticker
2021-09-17,1754.5999755859375,1767.800048828125,1747.0999755859375,1751.4000244140625,,183254,,,,,Gold,GC=F
2021-09-20,1754.199951171875,1768.4000244140625,1742.300048828125,1763.800048828125,,152451,,,,,Gold,GC=F
2021-09-21,1765.5,1782.800048828125,1758.300048828125,1778.199951171875,,141622,,,,,Gold,GC=F
2021-09-22,1775.0,1788.4000244140625,1764.5999755859375,1778.800048828125,,172348,,,,,Gold,GC=F
2021-09-23,1769.199951171875,1777.0999755859375,1737.5,1749.800048828125,,225456,,,,,Gold,GC=F
2021-09-24,1743.699951171875,1758.0,1740.199951171875,1751.699951171875,,151552,,,,,Gold,GC=F
2021-09-27,1751.800048828125,1760.9000244140625,1744.699951171875,1752.0,,137574,,,,,Gold,GC=F
2021-09-28,1750.0,1754.300048828125,1727.800048828125,1737.5,,215840,,,,,Gold,GC=F
2021-09-29,1734.0,1746.0,1721.0999755859375,1722.9000244140625,,177389,,,,,Gold,GC=F
2021-09-30,1726.0,1765.0,1721.800048828125,1757.0,,246365,,,,,Gold,GC=F
2021-10-01,1757.199951171875,1765.199951171875,1749.9000244140625,1758.4000244140625,,151195,,,,,Gold,GC=F
2021-10-04,1762.5999755859375,1771.5,1747.699951171875,1767.5999755859375,,166180,,,,,Gold,GC=F
2021-10-05,1770.800048828125,1771.0999755859375,1748.5999755859375,1760.9000244140625,,151424,,,,,Gold,GC=F
2021-10-06,1760.5,1765.9000244140625,1745.4000244140625,1761.800048828125,,159218,,,,,Gold,GC=F
2021-10-07,1763.800048828125,1767.699951171875,1752.0,1759.199951171875,,146406,,,,,Gold,GC=F
2021-10-08,1757.0,1782.4000244140625,1753.5999755859375,1757.4000244140625,,240371,,,,,Gold,GC=F
2021-10-11,1757.4000244140625,1761.0999755859375,1749.9000244140625,1755.699951171875,,114771,,,,,Gold,GC=F
2021-10-12,1753.5999755859375,1770.0,1750.5,1759.300048828125,,168110,,,,,Gold,GC=F
2021-10-13,1760.4000244140625,1797.4000244140625,1757.9000244140625,1794.699951171875,,299041,,,,,Gold,GC=F
2021-10-14,1793.5999755859375,1801.9000244140625,1787.5999755859375,1797.9000244140625,,164651,,,1760.8000061035157,,Gold,GC=F
2021-10-15,1797.300048828125,1797.699951171875,1765.0999755859375,1768.300048828125,,202631,,,1761.6450073242188,,Gold,GC=F
2021-10-18,1767.5,1772.5,1760.300048828125,1765.699951171875,,152741,,,1761.7400024414062,,Gold,GC=F
2021-10-19,1764.800048828125,1786.0,1763.4000244140625,1770.5,,166972,,,1761.3550048828124,,Gold,GC=F
2021-10-20,1769.4000244140625,1789.5999755859375,1767.0999755859375,1784.9000244140625,,174076,,,1761.6600036621094,,Gold,GC=F
2021-10-21,1782.5,1790.300048828125,1776.800048828125,1781.9000244140625,,138729,,,1763.2650024414063,,Gold,GC=F
2021-10-22,1783.699951171875,1815.5,1783.4000244140625,1796.300048828125,,312812,,,1765.4950073242187,,Gold,GC=F
2021-10-25,1794.199951171875,1811.5,1793.0,1806.800048828125,,153589,,,1768.235009765625,,Gold,GC=F
2021-10-26,1808.699951171875,1809.800048828125,1783.0,1793.4000244140625,,197929,,,1771.030010986328,,Gold,GC=F
2021-10-27,1795.0,1801.0,1784.300048828125,1798.800048828125,,182801,,,1774.8250122070312,,Gold,GC=F
2021-10-28,1798.699951171875,1812.699951171875,1793.0999755859375,1802.5999755859375,,220876,,,1777.1050109863281,,Gold,GC=F
2021-10-29,1801.5,1802.9000244140625,1772.4000244140625,1783.9000244140625,,254513,,,1778.3800109863282,,Gold,GC=F
2021-11-01,1785.300048828125,1797.5,1780.199951171875,1795.800048828125,,143332,,,1779.7900146484376,,Gold,GC=F
2021-11-02,1794.800048828125,1797.800048828125,1787.4000244140625,1789.4000244140625,,145786,,,1781.2150146484375,,Gold,GC=F
2021-11-03,1789.199951171875,1789.300048828125,1758.5,1763.9000244140625,,257427,,,1781.3200134277345,,Gold,GC=F
2021-11-04,1769.9000244140625,1800.300048828125,1769.300048828125,1793.5,,222609,,,1783.0350158691406,,Gold,GC=F
2021-11-05,1792.5999755859375,1820.0999755859375,1785.300048828125,1816.800048828125,,299618,,,1786.0050170898437,,Gold,GC=F
2021-11-08,1820.5999755859375,1828.300048828125,1813.800048828125,1828.0,,200412,,,1789.62001953125,,Gold,GC=F
2021-11-09,1826.9000244140625,1834.800048828125,1821.0,1830.800048828125,,224407,,,1793.19501953125,,Gold,GC=F
2021-11-10,1834.5,1870.5999755859375,1823.0,1848.300048828125,,352787,,,1795.8750244140624,,Gold,GC=F
2021-11-11,1851.5,1868.699951171875,1845.0999755859375,1863.9000244140625,,205312,,,1799.1750244140626,,Gold,GC=F
2021-11-12,1864.300048828125,1871.4000244140625,1847.5,1868.5,,201358,,,1804.1850219726562,,Gold,GC=F
2021-11-15,1872.5999755859375,1873.0,1858.5,1866.5999755859375,,221208,,,1809.2300231933593,,Gold,GC=F
2021-11-16,1864.9000244140625,1879.5,1851.0,1854.0999755859375,,220431,,,1813.4100219726563,,Gold,GC=F
2021-11-17,1851.5999755859375,1870.5999755859375,1851.0999755859375,1870.199951171875,,172417,,,1817.6750183105469,,Gold,GC=F
2021-11-18,1869.5,1873.300048828125,1856.5999755859375,1861.4000244140625,,186062,,,1821.6500183105468,,Gold,GC=F
2021-11-19,1860.800048828125,1868.0999755859375,1844.199951171875,1851.5999755859375,,234083,,,1824.4150146484376,,Gold,GC=F
2021-11-22,1848.300048828125,1850.4000244140625,1802.4000244140625,1806.300048828125,,352857,,,1824.3900146484375,,Gold,GC=F
2021-11-23,1807.0999755859375,1812.5,1781.699951171875,1783.800048828125,,311348,,,1823.9100158691406,,Gold,GC=F
2021-11-24,1789.800048828125,1796.199951171875,1777.4000244140625,1784.300048828125,,203236,,,1823.1850158691407,,Gold,GC=F
2021-11-26,1789.5999755859375,1816.300048828125,1778.5999755859375,1785.5,,186800,,,1822.3300170898438,1790.6360131835938,Gold,GC=F
2021-11-29,1791.699951171875,1798.9000244140625,1779.0999755859375,1782.300048828125,,26926,,,1822.250018310547,1791.254013671875,Gold,GC=F
2021-11-30,1783.9000244140625,1808.0999755859375,1768.699951171875,1773.5999755859375,,242861,,,1821.1400146484375,1791.4500122070312,Gold,GC=F
2021-12-01,1777.4000244140625,1795.699951171875,1773.699951171875,1784.300048828125,,180336,,,1820.8850158691407,1791.5720141601562,Gold,GC=F
2021-12-02,1783.800048828125,1785.199951171875,1762.199951171875,1762.699951171875,,172719,,,1820.8250122070312,1791.2500122070312,Gold,GC=F
2021-12-03,1769.4000244140625,1788.0,1766.0,1783.9000244140625,,175176,,,1820.3450134277343,1791.93201171875,Gold,GC=F
2021-12-06,1787.699951171875,1789.0,1776.4000244140625,1779.5,,104477,,,1818.4800109863281,1792.4880126953126,Gold,GC=F
2021-12-07,1779.5,1789.300048828125,1772.4000244140625,1784.699951171875,,129894,,,1816.315008544922,1793.14201171875,Gold,GC=F
2021-12-08,1785.0999755859375,1794.300048828125,1780.0999755859375,1785.5,,109692,,,1814.0500061035157,1794.10201171875,Gold,GC=F
2021-12-09,1784.300048828125,1788.4000244140625,1773.300048828125,1776.699951171875,,123974,,,1810.4700012207031,1795.1780102539062,Gold,GC=F
2021-12-10,1776.300048828125,1791.0,1770.4000244140625,1784.800048828125,,141995,,,1806.5150024414063,1795.7340112304687,Gold,GC=F
2021-12-13,1784.199951171875,1792.800048828125,1782.199951171875,1788.300048828125,,106057,,,1802.5050048828125,1796.33201171875,Gold,GC=F
2021-12-14,1787.5999755859375,1789.800048828125,1766.0999755859375,1772.300048828125,,153249,,,1797.7900085449219,1796.4260131835938,Gold,GC=F
2021-12-15,1771.9000244140625,1781.300048828125,1753.0,1764.5,,161101,,,1793.310009765625,1796.4980126953126,Gold,GC=F
2021-12-16,1777.9000244140625,1800.699951171875,1775.699951171875,1798.199951171875,,167777,,,1789.710009765625,1797.2260107421876,Gold,GC=F
2021-12-17,1801.5,1815.699951171875,1796.5,1804.9000244140625,,156607,,,1786.885009765625,1798.1400122070313,Gold,GC=F
2021-12-20,1800.199951171875,1804.5999755859375,1789.0,1794.5999755859375,,105386,,,1784.035009765625,1798.8840112304688,Gold,GC=F
2021-12-21,1791.4000244140625,1801.699951171875,1785.0,1788.699951171875,,134154,,,1783.1550048828126,1799.5440112304686,Gold,GC=F
2021-12-22,1789.4000244140625,1806.300048828125,1785.800048828125,1802.199951171875,,110408,,,1784.075,1800.4020092773437,Gold,GC=F
2021-12-23,1805.5999755859375,1812.0,1799.0,1811.699951171875,,104844,,,1785.4449951171875,1800.7420092773436,Gold,GC=F
2021-12-27,1810.199951171875,1814.5999755859375,1803.5999755859375,1808.800048828125,,84225,,,1786.6099975585937,1800.960009765625,Gold,GC=F
2021-12-28,1812.0999755859375,1821.5999755859375,1805.5,1810.9000244140625,,100542,,,1788.0399963378907,1801.8120092773438,Gold,GC=F
2021-12-29,1806.5999755859375,1808.0,1789.0999755859375,1805.800048828125,,138685,,,1789.65,1802.6140112304688,Gold,GC=F
2021-12-30,1805.5999755859375,1818.0999755859375,1796.199951171875,1814.0999755859375,,113430,,,1791.1399963378906,1803.4860107421875,Gold,GC=F
2021-12-31,1817.0,1831.4000244140625,1815.4000244140625,1828.5999755859375,,106604,,,1794.4349975585938,1804.360009765625,Gold,GC=F
2022-01-03,1830.0999755859375,1833.0,1798.199951171875,1800.0999755859375,,168305,,,1795.2449951171875,1804.7240087890625,Gold,GC=F
2022-01-04,1801.0999755859375,1817.199951171875,1798.0999755859375,1814.5999755859375,,167708,,,1796.9999938964843,1805.0900073242187,Gold,GC=F
2022-01-05,1815.199951171875,1830.699951171875,1808.199951171875,1825.0999755859375,,173344,,,1799.0199951171876,1805.456005859375,Gold,GC=F
2022-01-06,1810.5999755859375,1811.5999755859375,1785.4000244140625,1789.199951171875,,238644,,,1799.2049926757813,1805.3720043945314,Gold,GC=F
2022-01-07,1791.0,1798.4000244140625,1781.300048828125,1797.4000244140625,,238931,,,1800.2399963378907,1805.34400390625,Gold,GC=F
2022-01-10,1796.4000244140625,1802.0,1789.300048828125,1798.800048828125,,173043,,,1800.9399963378905,1805.2680053710938,Gold,GC=F
2022-01-11,1801.300048828125,1823.0999755859375,1799.699951171875,1818.5,,184152,,,1802.4499938964843,1805.9600048828124,Gold,GC=F
2022-01-12,1821.300048828125,1828.199951171875,1814.4000244140625,1827.300048828125,,192979,,,1805.1999938964843,1806.5900048828125,Gold,GC=F
2022-01-13,1825.699951171875,1828.300048828125,1811.800048828125,1821.4000244140625,,215522,,,1808.0449951171875,1807.2300048828124,Gold,GC=F
2022-01-14,1822.0999755859375,1829.300048828125,1814.199951171875,1816.5,,174944,,,1808.9599975585938,1808.2820043945312,Gold,GC=F
2022-01-18,1818.699951171875,1822.9000244140625,1804.699951171875,1812.4000244140625,,362944,,,1809.3349975585938,1808.6600048828125,Gold,GC=F
2022-01-19,1812.9000244140625,1843.9000244140625,1809.0,1843.199951171875,,318489,,,1811.7649963378906,1809.1880029296874,Gold,GC=F
2022-01-20,1840.0999755859375,1848.5,1836.199951171875,1842.5999755859375,,233862,,,1814.4599975585938,1809.4800024414062,Gold,GC=F
2022-01-21,1840.5999755859375,1843.699951171875,1828.4000244140625,1831.800048828125,,225249,,,1815.9400024414062,1809.5000024414062,Gold,GC=F
2022-01-24,1835.199951171875,1844.9000244140625,1829.300048828125,1841.699951171875,,244325,,,1817.4400024414062,1809.3680004882813,Gold,GC=F
2022-01-25,1843.5999755859375,1854.199951171875,1834.4000244140625,1852.5,,197804,,,1819.625,1809.14,Gold,GC=F
2022-01-26,1848.0,1850.199951171875,1814.0999755859375,1829.699951171875,,270028,,,1820.5649963378905,1808.3639990234376,Gold,GC=F
2022-01-27,1819.0,1821.4000244140625,1790.5999755859375,1793.0999755859375,,196036,,,1819.9299926757812,1806.8939990234376,Gold,GC=F
2022-01-28,1797.5,1798.4000244140625,1778.800048828125,1784.9000244140625,,28521,,,1818.4699951171874,1805.51,Gold,GC=F
2022-01-31,1788.5,1798.5,1785.0999755859375,1795.0,,139421,,,1816.7899963378907,1804.0060009765625,Gold,GC=F
2022-02-01,1798.9000244140625,1809.699951171875,1796.199951171875,1801.5,,128880,,,1816.8599975585937,1802.8080004882813,Gold,GC=F
2022-02-02,1800.800048828125,1812.0,1794.5999755859375,1810.300048828125,,123021,,,1816.645001220703,1801.982001953125,Gold,GC=F
2022-02-03,1807.4000244140625,1809.5,1788.5,1804.0999755859375,,173722,,,1815.5950012207031,1801.9380004882812,Gold,GC=F
2022-02-04,1805.4000244140625,1815.800048828125,1792.0999755859375,1807.800048828125,,177709,,,1816.5250061035156,1802.4180004882812,Gold,GC=F
2022-02-07,1808.0,1824.5999755859375,1807.5,1821.800048828125,,139808,,,1817.7450073242187,1803.1680004882812,Gold,GC=F
2022-02-08,1821.5,1829.9000244140625,1816.0,1827.9000244140625,,142408,,,1819.2000061035155,1804.0160009765625,Gold,GC=F
2022-02-09,1827.0,1837.0999755859375,1825.5,1836.5999755859375,,136722,,,1820.1050048828124,1805.1019995117188,Gold,GC=F
2022-02-10,1834.0,1843.300048828125,1821.800048828125,1837.4000244140625,,227458,,,1820.6100036621094,1806.3780004882813,Gold,GC=F
2022-02-11,1827.0,1867.4000244140625,1821.0999755859375,1842.0999755859375,,239093,,,1821.645001220703,1807.5339990234374,Gold,GC=F
2022-02-14,1862.199951171875,1876.5,1851.9000244140625,1869.4000244140625,,231016,,,1824.2900024414062,1809.6680004882812,Gold,GC=F
2022-02-15,1873.800048828125,1881.5999755859375,1845.4000244140625,1856.199951171875,,214880,,,1826.479998779297,1811.1139990234376,Gold,GC=F
2022-02-16,1855.5,1874.5999755859375,1851.800048828125,1871.5,,141486,,,1827.895001220703,1812.9539990234375,Gold,GC=F
2022-02-17,1872.0,1904.0,1869.699951171875,1902.0,,268547,,,1830.8650024414062,1815.3,Gold,GC=F
2022-02-18,1901.4000244140625,1905.0,1888.0,1899.800048828125,,161745,,,1834.2650024414063,1817.5860009765624,Gold,GC=F
2022-02-22,1903.5,1918.300048828125,1889.699951171875,1907.4000244140625,,334589,,,1837.5500061035157,1820.2000024414062,Gold,GC=F
2022-02-23,1901.199951171875,1912.9000244140625,1891.0999755859375,1910.4000244140625,,154843,,,1840.4450073242188,1822.712001953125,Gold,GC=F
2022-02-24,1911.9000244140625,1976.5,1878.5999755859375,1926.300048828125,,423048,,,1845.2750122070313,1825.472001953125,Gold,GC=F
2022-02-25,1906.5,1925.0,1884.4000244140625,1887.5999755859375,,229780,,,1850.0000122070312,1827.7780004882814,Gold,GC=F
2022-02-28,1921.0,1935.199951171875,1892.199951171875,1900.699951171875,,249273,,,1855.7900085449219,1830.5019995117189,Gold,GC=F
2022-03-01,1908.4000244140625,1952.5999755859375,1903.0,1943.800048828125,,223998,,,1863.2300109863281,1833.4140014648438,Gold,GC=F
2022-03-02,1945.300048828125,1951.4000244140625,1916.0,1922.300048828125,,227975,,,1869.2700134277343,1835.762001953125,Gold,GC=F
2022-03-03,1931.699951171875,1944.5999755859375,1923.0999755859375,1935.9000244140625,,180207,,,1875.5500122070312,1838.5880029296875,Gold,GC=F
2022-03-04,1938.5,1974.9000244140625,1931.5,1966.5999755859375,,241533,,,1883.6750122070312,1842.1460034179688,Gold,GC=F
2022-03-07,1978.5,2007.5,1964.199951171875,1995.9000244140625,,372185,,,1893.080010986328,1846.0200048828126,Gold,GC=F
2022-03-08,2001.0,2078.800048828125,1985.800048828125,2043.300048828125,,447651,,,1904.155010986328,1850.6520068359375,Gold,GC=F
2022-03-09,2060.199951171875,2068.5,1981.0,1988.199951171875,,360345,,,1912.1700073242187,1854.2400048828124,Gold,GC=F
2022-03-10,1992.800048828125,2015.0999755859375,1975.0,2000.4000244140625,,303267,,,1920.360009765625,1858.0300048828126,Gold,GC=F
2022-03-11,2000.300048828125,2004.0,1960.5999755859375,1985.0,,262088,,,1927.740008544922,1861.61400390625,Gold,GC=F
2022-03-14,1988.699951171875,1994.800048828125,1952.0,1960.800048828125,,162203,,,1933.6750122070312,1864.5480053710937,Gold,GC=F
2022-03-15,1953.699951171875,1956.9000244140625,1908.0999755859375,1929.699951171875,,220374,,,1936.690008544922,1866.5700048828126,Gold,GC=F
2022-03-16,1920.0999755859375,1930.0999755859375,1895.199951171875,1909.199951171875,,195460,,,1939.3400085449218,1868.7520043945312,Gold,GC=F
2022-03-17,1928.4000244140625,1951.0,1924.0,1943.199951171875,,149829,,,1942.9250061035157,1871.32400390625,Gold,GC=F
2022-03-18,1943.9000244140625,1946.199951171875,1918.0,1929.300048828125,,150882,,,1944.2900085449219,1873.4080053710939,Gold,GC=F
2022-03-21,1922.4000244140625,1941.800048828125,1917.199951171875,1929.5,,146411,,,1945.7750061035156,1876.2140063476563,Gold,GC=F
2022-03-22,1936.0999755859375,1939.5,1909.800048828125,1921.5,,153282,,,1946.4800048828124,1878.696005859375,Gold,GC=F
2022-03-23,1920.9000244140625,1948.800048828125,1915.5999755859375,1937.300048828125,,153306,,,1947.8250061035155,1881.466005859375,Gold,GC=F
2022-03-24,1944.0999755859375,1967.199951171875,1937.4000244140625,1962.199951171875,,181204,,,1949.6200012207032,1884.3400048828125,Gold,GC=F
2022-03-25,1957.800048828125,1965.0999755859375,1942.5999755859375,1954.199951171875,,147904,,,1952.95,1886.8780029296875,Gold,GC=F
2022-03-28,1958.699951171875,1959.800048828125,1915.699951171875,1939.800048828125,,181367,,,1954.9050048828126,1889.2460034179687,Gold,GC=F
2022-03-29,1922.4000244140625,1929.4000244140625,1888.300048828125,1912.199951171875,,128051,,,1953.325,1891.1600024414063,Gold,GC=F
2022-03-30,1918.4000244140625,1937.0,1914.5,1933.5,,17765,,,1953.8849975585938,1893.582001953125,Gold,GC=F
2022-03-31,1933.5,1949.9000244140625,1919.0999755859375,1949.199951171875,,155299,,,1954.5499938964845,1895.702001953125,Gold,GC=F
2022-04-01,1942.4000244140625,1944.5,1921.4000244140625,1923.699951171875,,135154,,,1952.4049926757812,1897.3240014648438,Gold,GC=F
2022-04-04,1927.0999755859375,1941.5999755859375,1918.199951171875,1934.0,,108435,,,1949.309991455078,1899.3680004882813,Gold,GC=F
2022-04-05,1937.300048828125,1948.9000244140625,1920.9000244140625,1927.5,,147256,,,1943.5199890136719,1901.0840014648438,Gold,GC=F
2022-04-06,1927.5999755859375,1937.5999755859375,1916.199951171875,1923.0999755859375,,153971,,,1940.264990234375,1902.4960009765625,Gold,GC=F
2022-04-07,1928.0999755859375,1941.699951171875,1923.300048828125,1937.800048828125,,122809,,,1937.134991455078,1904.6580029296874,Gold,GC=F
2022-04-08,1934.300048828125,1952.199951171875,1930.4000244140625,1945.5999755859375,,142498,,,1935.164990234375,1907.7080029296876,Gold,GC=F
2022-04-11,1949.5999755859375,1974.5999755859375,1942.9000244140625,1948.199951171875,,184385,,,1934.5349853515625,1910.9740014648437,Gold,GC=F
2022-04-12,1957.4000244140625,1982.699951171875,1953.0,1976.0999755859375,,172386,,,1936.8549865722657,1914.5960009765624,Gold,GC=F
2022-04-13,1970.5,1985.800048828125,1966.300048828125,1984.699951171875,,132029,,,1940.6299865722656,1918.26,Gold,GC=F
2022-04-14,1981.5999755859375,1984.0,1962.699951171875,1974.9000244140625,,139424,,,1942.214990234375,1921.5519995117188,Gold,GC=F
2022-04-18,1978.5,2003.0,1974.4000244140625,1986.4000244140625,,138130,,,1945.0699890136718,1925.1980004882812,Gold,GC=F
2022-04-19,1981.199951171875,1985.0999755859375,1945.5,1959.0,,181440,,,1946.544989013672,1928.2219995117186,Gold,GC=F
2022-04-20,1952.699951171875,1960.9000244140625,1941.0,1955.5999755859375,,139507,,,1948.2499877929688,1930.897998046875,Gold,GC=F
2022-04-21,1960.0,1960.0999755859375,1938.0,1948.199951171875,,154919,,,1948.7949829101562,1933.3039965820312,Gold,GC=F
2022-04-22,1953.0999755859375,1957.800048828125,1928.0,1934.300048828125,,176681,,,1947.3999877929687,1935.257998046875,Gold,GC=F
2022-04-25,1931.9000244140625,1935.5,1891.800048828125,1896.0,,231494,,,1944.489990234375,1936.4299975585936,Gold,GC=F
2022-04-26,1899.800048828125,1912.199951171875,1896.300048828125,1904.0999755859375,,166199,,,1942.7049865722656,1937.6699975585936,Gold,GC=F
2022-04-27,1907.4000244140625,1908.0999755859375,1881.5999755859375,1888.699951171875,,178197,,,1941.5299865722657,1938.05599609375,Gold,GC=F
2022-04-28,1886.800048828125,1897.800048828125,1870.9000244140625,1891.300048828125,,170910,,,1939.419989013672,1938.757998046875,Gold,GC=F
2022-04-29,1895.800048828125,1921.300048828125,1893.5,1911.699951171875,,177136,,,1937.544989013672,1939.5619970703126,Gold,GC=F
2022-05-02,1896.199951171875,1900.4000244140625,1853.4000244140625,1863.5999755859375,,193825,,,1934.539990234375,1938.7939965820312,Gold,GC=F
2022-05-03,1863.5999755859375,1878.4000244140625,1849.699951171875,1870.5999755859375,,167434,,,1931.3699890136718,1938.2099951171874,Gold,GC=F
2022-05-04,1868.300048828125,1892.0,1861.0999755859375,1868.800048828125,,161479,,,1928.434991455078,1937.4379956054688,Gold,GC=F
2022-05-05,1884.0999755859375,1910.699951171875,1872.300048828125,1875.699951171875,,218392,,,1926.064990234375,1936.743994140625,Gold,GC=F
2022-05-06,1877.5,1894.0,1865.0,1882.800048828125,,194279,,,1923.314990234375,1935.873994140625,Gold,GC=F
2022-05-09,1883.699951171875,1885.5999755859375,1851.0,1858.5999755859375,,218821,,,1918.964990234375,1935.293994140625,Gold,GC=F
2022-05-10,1853.9000244140625,1864.699951171875,1834.5,1841.0,,260811,,,1913.6049926757812,1934.0999951171875,Gold,GC=F
2022-05-11,1836.5999755859375,1857.800048828125,1830.5999755859375,1853.699951171875,,243561,,,1907.4849914550782,1932.2979931640625,Gold,GC=F
2022-05-12,1852.300048828125,1858.800048828125,1820.0999755859375,1824.5999755859375,,255608,,,1899.4799926757812,1930.3439916992188,Gold,GC=F
2022-05-13,1821.4000244140625,1827.5999755859375,1797.199951171875,1808.199951171875,,179483,,,1891.1449890136719,1927.789990234375,Gold,GC=F
2022-05-16,1809.4000244140625,1826.0,1785.0,1814.0,,159493,,,1882.5249877929687,1924.7379907226561,Gold,GC=F
2022-05-17,1823.9000244140625,1834.800048828125,1811.0,1818.9000244140625,,137288,,,1875.5199890136719,1921.1979907226562,Gold,GC=F
2022-05-18,1813.199951171875,1822.9000244140625,1805.0,1815.9000244140625,,150353,,,1868.5349914550782,1916.649990234375,Gold,GC=F
2022-05-19,1815.0999755859375,1848.199951171875,1808.4000244140625,1841.199951171875,,175242,,,1863.184991455078,1913.709990234375,Gold,GC=F
2022-05-20,1839.5999755859375,1847.800048828125,1830.5999755859375,1842.0999755859375,,143045,,,1858.5749877929688,1910.5439892578124,Gold,GC=F
2022-05-23,1844.4000244140625,1864.300048828125,1843.300048828125,1847.800048828125,,163266,,,1856.164990234375,1907.799990234375,Gold,GC=F
2022-05-24,1852.300048828125,1869.0999755859375,1847.5999755859375,1865.4000244140625,,174762,,,1854.2299926757812,1905.8919897460937,Gold,GC=F
2022-05-25,1865.4000244140625,1866.699951171875,1838.699951171875,1846.300048828125,,182823,,,1852.1099975585937,1904.2239916992187,Gold,GC=F
2022-05-26,1851.800048828125,1852.800048828125,1836.300048828125,1847.5999755859375,,123355,,,1849.9249938964845,1902.9919921875,Gold,GC=F
2022-05-27,1848.300048828125,1860.699951171875,1845.9000244140625,1851.300048828125,,30091,,,1846.9049987792969,1901.153994140625,Gold,GC=F
2022-05-31,1850.300048828125,1862.0999755859375,1832.800048828125,1842.699951171875,,201803,,,1845.8599975585937,1899.4219921875,Gold,GC=F
2022-06-01,1840.0,1853.0,1830.199951171875,1848.699951171875,,158036,,,1844.7649963378906,1897.8059912109375,Gold,GC=F
2022-06-02,1849.9000244140625,1874.4000244140625,1846.5,1871.4000244140625,,127471,,,1844.8949951171876,1896.8039916992188,Gold,GC=F
2022-06-03,1872.5999755859375,1878.5999755859375,1849.699951171875,1850.199951171875,,115343,,,1843.6199951171875,1895.0619897460938,Gold,GC=F
2022-06-06,1853.699951171875,1861.199951171875,1843.0,1843.699951171875,,103179,,,1841.664990234375,1892.6919897460937,Gold,GC=F
2022-06-07,1843.5,1858.199951171875,1838.5,1852.0999755859375,,119211,,,1841.339990234375,1890.649990234375,Gold,GC=F
2022-06-08,1855.0,1862.4000244140625,1846.5999755859375,1856.5,,114141,,,1842.114990234375,1888.9839892578125,Gold,GC=F
2022-06-09,1855.0999755859375,1857.800048828125,1841.9000244140625,1852.800048828125,,131293,,,1842.0699951171875,1887.7959912109375,Gold,GC=F
2022-06-10,1850.4000244140625,1879.5999755859375,1826.5,1875.5,,267204,,,1844.6149963378907,1886.6359912109374,Gold,GC=F
2022-06-13,1879.0,1882.5,1819.0,1831.800048828125,,252543,,,1845.7950012207032,1884.2879931640625,Gold,GC=F
2022-06-14,1820.9000244140625,1833.300048828125,1806.0999755859375,1813.5,,165146,,,1845.770001220703,1882.083994140625,Gold,GC=F
2022-06-15,1809.699951171875,1845.4000244140625,1808.4000244140625,1819.5999755859375,,203421,,,1845.804998779297,1879.7959936523437,Gold,GC=F
2022-06-16,1835.800048828125,1860.199951171875,1816.300048828125,1849.9000244140625,,180893,,,1847.5049987792968,1878.243994140625,Gold,GC=F
2022-06-17,1859.300048828125,1861.5,1836.0999755859375,1840.5999755859375,,141718,,,1847.475,1876.593994140625,Gold,GC=F
2022-06-21,1840.5999755859375,1848.4000244140625,1830.699951171875,1838.800048828125,,176299,,,1847.3100036621095,1874.613994140625,Gold,GC=F
2022-06-22,1834.9000244140625,1850.300048828125,1824.5,1838.4000244140625,,149553,,,1846.8400024414063,1872.4699951171874,Gold,GC=F
2022-06-23,1839.699951171875,1848.9000244140625,1823.5,1829.800048828125,,167071,,,1845.0600036621095,1870.1019970703126,Gold,GC=F
2022-06-24,1824.199951171875,1833.699951171875,1817.699951171875,1830.300048828125,,139723,,,1844.2600036621093,1867.1859985351562,Gold,GC=F
2022-06-27,1839.5999755859375,1842.800048828125,1821.800048828125,1824.800048828125,,143820,,,1843.1200073242187,1863.9880004882812,Gold,GC=F
2022-06-28,1823.5999755859375,1830.9000244140625,1819.0999755859375,1821.199951171875,,111397,,,1841.6150024414062,1860.9139990234376,Gold,GC=F
2022-06-29,1821.4000244140625,1834.9000244140625,1810.699951171875,1817.5,,155542,,,1840.3550048828124,1857.5359985351563,Gold,GC=F
2022-06-30,1819.199951171875,1826.800048828125,1802.5,1807.300048828125,,208898,,,1838.285009765625,1854.5019995117189,Gold,GC=F
2022-07-01,1808.0999755859375,1813.5999755859375,1783.4000244140625,1801.5,,249489,,,1834.7900085449219,1851.42,Gold,GC=F
2022-07-05,1814.4000244140625,1815.199951171875,1763.0,1763.9000244140625,,310369,,,1830.4750122070313,1847.7340014648437,Gold,GC=F
2022-07-06,1764.199951171875,1771.5,1730.699951171875,1736.5,,258824,,,1825.1150146484374,1843.7780004882814,Gold,GC=F
2022-07-07,1737.199951171875,1748.199951171875,1734.699951171875,1739.699951171875,,151256,,,1819.4950134277344,1840.6519995117187,Gold,GC=F
2022-07-08,1738.699951171875,1751.699951171875,1726.0,1742.300048828125,,189178,,,1813.7850158691406,1837.4160009765626,Gold,GC=F
2022-07-11,1741.5,1743.0,1729.0,1731.699951171875,,171902,,,1807.7300109863281,1834.2760009765625,Gold,GC=F
2022-07-12,1731.300048828125,1742.199951171875,1721.5999755859375,1724.800048828125,,255170,,,1800.1950134277345,1830.9460009765626,Gold,GC=F
2022-07-13,1723.5999755859375,1744.300048828125,1704.5,1735.5,,300550,,,1795.3800109863282,1827.422001953125,Gold,GC=F
2022-07-14,1733.5999755859375,1734.800048828125,1695.0,1705.800048828125,,266354,,,1789.9950134277344,1824.2660034179687,Gold,GC=F
2022-07-15,1708.199951171875,1714.199951171875,1696.5999755859375,1703.5999755859375,,176797,,,1784.1950134277345,1820.9260034179688,Gold,GC=F
2022-07-18,1706.4000244140625,1722.0,1704.4000244140625,1710.199951171875,,157535,,,1777.210009765625,1817.7540014648437,Gold,GC=F
2022-07-19,1707.199951171875,1716.5,1702.5999755859375,1710.699951171875,,131771,,,1770.7150085449218,1814.4540014648437,Gold,GC=F
2022-07-20,1709.5,1712.699951171875,1690.0999755859375,1700.199951171875,,174466,,,1763.7850036621094,1810.8019995117188,Gold,GC=F
2022-07-21,1693.699951171875,1719.5,1678.4000244140625,1713.4000244140625,,248875,,,1757.5350036621094,1807.8980004882812,Gold,GC=F
2022-07-22,1717.199951171875,1738.300048828125,1711.699951171875,1727.4000244140625,,200622,,,1752.4150024414062,1805.6260009765624,Gold,GC=F
2022-07-25,1726.300048828125,1734.5999755859375,1712.9000244140625,1719.0999755859375,,160719,,,1746.854998779297,1802.9340014648437,Gold,GC=F
2022-07-26,1717.9000244140625,1726.4000244140625,1711.5,1717.699951171875,,147367,,,1741.4999938964843,1800.7960009765625,Gold,GC=F
2022-07-27,1715.199951171875,1739.5999755859375,1709.0999755859375,1719.0999755859375,,144865,,,1736.3949951171876,1799.0140014648437,Gold,GC=F
2022-07-28,1732.300048828125,1755.0,1732.0,1750.300048828125,,37236,,,1733.0349975585937,1797.7400024414062,Gold,GC=F
2022-07-29,1754.0,1765.699951171875,1750.0,1762.9000244140625,,140666,,,1730.8149963378905,1796.6200024414063,Gold,GC=F
2022-08-01,1782.5,1792.5,1774.300048828125,1787.699951171875,,133742,,,1730.1249938964843,1796.0560009765625,Gold,GC=F
2022-08-02,1789.199951171875,1805.0,1776.0,1789.699951171875,,174165,,,1731.414990234375,1795.0260009765625,Gold,GC=F
2022-08-03,1777.300048828125,1789.4000244140625,1770.0,1776.4000244140625,,151734,,,1733.4099914550782,1793.712001953125,Gold,GC=F
2022-08-04,1782.0999755859375,1812.0,1779.4000244140625,1806.9000244140625,,153292,,,1736.7699951171876,1792.8940014648438,Gold,GC=F
2022-08-05,1807.699951171875,1811.5999755859375,1780.199951171875,1791.199951171875,,168901,,,1739.214990234375,1791.41,Gold,GC=F
2022-08-08,1790.300048828125,1806.4000244140625,1786.9000244140625,1805.199951171875,,103683,,,1742.889990234375,1790.587998046875,Gold,GC=F
2022-08-09,1805.5,1817.0,1799.4000244140625,1812.300048828125,,120510,,,1747.264990234375,1789.8819995117187,Gold,GC=F
2022-08-10,1811.5,1824.5999755859375,1803.300048828125,1813.699951171875,,154592,,,1751.1749877929688,1789.1299975585937,Gold,GC=F
2022-08-11,1807.9000244140625,1814.9000244140625,1798.5999755859375,1807.199951171875,,121259,,,1756.2449829101563,1788.4199975585936,Gold,GC=F
2022-08-12,1805.199951171875,1819.0999755859375,1799.5999755859375,1815.5,,118649,,,1761.8399841308594,1787.7559985351563,Gold,GC=F
2022-08-15,1818.9000244140625,1818.9000244140625,1787.5999755859375,1798.0999755859375,,137765,,,1766.2349853515625,1786.2899975585938,Gold,GC=F
2022-08-16,1795.5,1798.0,1785.4000244140625,1789.699951171875,,94403,,,1770.1849853515625,1785.0799975585937,Gold,GC=F
2022-08-17,1790.800048828125,1796.5999755859375,1773.9000244140625,1776.699951171875,,137832,,,1774.0099853515626,1783.7399975585938,Gold,GC=F
2022-08-18,1777.0999755859375,1786.300048828125,1768.800048828125,1771.199951171875,,124319,,,1776.8999816894532,1782.1219970703125,Gold,GC=F
2022-08-19,1773.0999755859375,1773.300048828125,1759.0999755859375,1762.9000244140625,,138699,,,1778.674981689453,1780.2499975585938,Gold,GC=F
2022-08-22,1760.5999755859375,1762.0999755859375,1740.199951171875,1748.4000244140625,,142857,,,1780.1399841308594,1778.1619970703125,Gold,GC=F
2022-08-23,1750.0,1767.5,1743.0999755859375,1761.199951171875,,145260,,,1782.3149841308593,1775.87599609375,Gold,GC=F
2022-08-24,1761.300048828125,1769.5,1754.800048828125,1761.5,,112645,,,1784.4349853515625,1774.4699951171874,Gold,GC=F
2022-08-25,1764.4000244140625,1778.800048828125,1763.0,1771.4000244140625,,117570,,,1785.4899841308593,1773.6279956054686,Gold,GC=F
2022-08-26,1771.800048828125,1772.300048828125,1746.199951171875,1749.800048828125,,176904,,,1784.8349853515624,1772.2319970703124,Gold,GC=F
2022-08-29,1748.4000244140625,1757.9000244140625,1731.4000244140625,1749.699951171875,,156220,,,1782.9349853515625,1770.2279956054688,Gold,GC=F
2022-08-30,1749.800048828125,1752.800048828125,1732.9000244140625,1736.300048828125,,130664,,,1780.264990234375,1768.1419970703125,Gold,GC=F
2022-08-31,1735.5,1738.0,1720.5999755859375,1726.199951171875,,176731,,,1777.7549865722656,1765.8899951171875,Gold,GC=F
2022-09-01,1723.0,1723.0,1699.0999755859375,1709.300048828125,,198618,,,1772.8749877929688,1763.3079956054687,Gold,GC=F
2022-09-02,1707.800048828125,1729.5,1705.9000244140625,1722.5999755859375,,174684,,,1769.4449890136718,1761.163994140625,Gold,GC=F
2022-09-06,1724.199951171875,1737.4000244140625,1710.5999755859375,1712.9000244140625,,206268,,,1764.8299926757813,1758.8159936523436,Gold,GC=F
2022-09-07,1712.9000244140625,1731.199951171875,1701.699951171875,1727.800048828125,,173624,,,1760.6049926757812,1756.8759936523438,Gold,GC=F
2022-09-08,1729.5,1739.4000244140625,1713.699951171875,1720.199951171875,,184176,,,1755.9299926757812,1754.8559936523438,Gold,GC=F
2022-09-09,1719.5999755859375,1740.5,1719.4000244140625,1728.5999755859375,,154706,,,1751.9999938964843,1753.0779931640625,Gold,GC=F
2022-09-12,1728.4000244140625,1746.4000244140625,1722.300048828125,1740.5999755859375,,154374,,,1748.2549926757813,1751.7439916992187,Gold,GC=F
2022-09-13,1736.0,1742.9000244140625,1706.699951171875,1717.4000244140625,,232696,,,1744.2199951171874,1750.0619921875,Gold,GC=F
2022-09-14,1711.5999755859375,1717.300048828125,1703.300048828125,1709.0999755859375,,163288,,,1740.1899963378905,1748.9659912109375,Gold,GC=F
2022-09-15,1707.199951171875,1707.800048828125,1668.9000244140625,1677.300048828125,,268094,,,1735.2200012207031,1747.7819921875,Gold,GC=F
2022-09-16,1673.699951171875,1689.9000244140625,1661.9000244140625,1683.5,,217226,,,1730.8350036621093,1746.6579931640624,Gold,GC=F
2022-09-19,1685.4000244140625,1688.800048828125,1667.5999755859375,1678.199951171875,,141171,,,1726.6,1745.3759912109374,Gold,GC=F
2022-09-20,1684.9000244140625,1688.800048828125,1668.0999755859375,1671.0999755859375,,143933,,,1722.7349975585937,1744.1639916992187,Gold,GC=F
2022-09-21,1673.199951171875,1696.9000244140625,1661.300048828125,1675.699951171875,,227938,,,1718.4599975585938,1743.1819897460937,Gold,GC=F
2022-09-22,1682.800048828125,1693.5,1663.300048828125,1681.0999755859375,,241279,,,1714.4399963378905,1742.0939892578126,Gold,GC=F
2022-09-23,1680.0999755859375,1685.0,1646.5999755859375,1655.5999755859375,,243045,,,1708.6499938964844,1741.0899877929687,Gold,GC=F
2022-09-26,1651.0,1657.199951171875,1627.699951171875,1633.4000244140625,,219861,,,1702.8299926757813,1739.6859887695311,Gold,GC=F
2022-09-27,1629.199951171875,1650.0999755859375,1628.699951171875,1636.199951171875,,197058,,,1697.1549926757812,1738.2059887695314,Gold,GC=F
2022-09-28,1636.5,1671.5999755859375,1622.199951171875,1670.0,,279817,,,1693.839990234375,1737.3919897460937,Gold,GC=F
2022-09-29,1669.0,1673.0999755859375,1649.300048828125,1668.5999755859375,,201961,,,1690.9599914550781,1736.759990234375,Gold,GC=F
2022-09-30,1669.5,1684.4000244140625,1667.5,1672.0,,179989,,,1689.094989013672,1735.9319897460937,Gold,GC=F
2022-10-03,1670.5,1710.4000244140625,1666.5,1702.0,,215493,,,1688.064990234375,1735.4239892578125,Gold,GC=F
2022-10-04,1708.4000244140625,1738.699951171875,1704.0,1730.5,,205084,,,1688.9449890136718,1735.6519897460937,Gold,GC=F
2022-10-05,1734.4000244140625,1736.5999755859375,1708.800048828125,1720.800048828125,,173222,,,1688.594989013672,1735.7139916992187,Gold,GC=F
2022-10-06,1725.5,1734.199951171875,1714.800048828125,1720.800048828125,,139443,,,1688.6249938964843,1735.7479931640626,Gold,GC=F
2022-10-07,1721.0,1722.800048828125,1698.4000244140625,1709.300048828125,,157445,,,1687.6599975585937,1734.9279931640624,Gold,GC=F
2022-10-10,1703.4000244140625,1707.4000244140625,1672.5,1675.199951171875,,157149,,,1684.3899963378906,1733.1739916992187,Gold,GC=F
2022-10-11,1675.5999755859375,1691.300048828125,1667.5,1686.0,,171814,,,1682.8199951171875,1731.1399926757813,Gold,GC=F
2022-10-12,1673.4000244140625,1685.0999755859375,1668.0,1677.5,,131769,,,1681.2399963378907,1728.8959936523438,Gold,GC=F
2022-10-13,1680.199951171875,1688.9000244140625,1648.300048828125,1677.0,,237007,,,1681.2249938964844,1726.9079931640624,Gold,GC=F
2022-10-14,1672.800048828125,1677.800048828125,1645.5999755859375,1648.9000244140625,,183170,,,1679.4949951171875,1723.7479931640626,Gold,GC=F
2022-10-17,1649.9000244140625,1674.300048828125,1649.0999755859375,1664.0,,148889,,,1678.7849975585937,1721.203994140625,Gold,GC=F
2022-10-18,1655.9000244140625,1666.0,1650.5999755859375,1655.800048828125,,163168,,,1678.020001220703,1718.21599609375,Gold,GC=F
2022-10-19,1657.199951171875,1659.800048828125,1632.199951171875,1634.199951171875,,179246,,,1675.945001220703,1714.653994140625,Gold,GC=F
2022-10-20,1634.5999755859375,1650.300048828125,1626.300048828125,1636.800048828125,,163734,,,1673.7300048828124,1711.11599609375,Gold,GC=F
2022-10-21,1632.4000244140625,1663.0999755859375,1621.0999755859375,1656.300048828125,,271095,,,1673.7650085449218,1708.097998046875,Gold,GC=F
2022-10-24,1662.9000244140625,1675.5,1648.0,1654.0999755859375,,171022,,,1674.8000061035157,1704.8699975585937,Gold,GC=F
2022-10-25,1654.5,1666.800048828125,1641.199951171875,1658.0,,182795,,,1675.8900085449218,1702.067998046875,Gold,GC=F
2022-10-26,1657.699951171875,1679.4000244140625,1653.800048828125,1669.199951171875,,186926,,,1675.8500061035156,1699.657998046875,Gold,GC=F
2022-10-27,1668.800048828125,1674.800048828125,1658.5,1665.5999755859375,,189287,,,1675.7000061035155,1697.4359985351562,Gold,GC=F
2022-10-28,1667.199951171875,1670.9000244140625,1640.699951171875,1644.800048828125,,196363,,,1674.3400085449218,1694.9080004882812,Gold,GC=F
2022-10-31,1647.199951171875,1648.5,1634.5,1640.699951171875,,128413,,,1671.2750061035156,1692.4639990234375,Gold,GC=F
2022-11-01,1636.0999755859375,1660.300048828125,1633.5999755859375,1649.699951171875,,197976,,,1667.2350036621094,1690.4899975585938,Gold,GC=F
2022-11-02,1651.4000244140625,1673.0999755859375,1637.4000244140625,1650.0,,220926,,,1663.695001220703,1688.2659985351563,Gold,GC=F
2022-11-03,1639.0999755859375,1643.199951171875,1618.300048828125,1630.9000244140625,,254699,,,1659.2,1685.6539990234376,Gold,GC=F
2022-11-04,1631.699951171875,1686.4000244140625,1631.0999755859375,1676.5999755859375,,293521,,,1657.5649963378905,1683.757998046875,Gold,GC=F
2022-11-07,1678.5999755859375,1685.5999755859375,1670.0,1680.5,,187589,,,1657.8299987792968,1682.3719970703125,Gold,GC=F
2022-11-08,1678.0,1720.4000244140625,1667.0999755859375,1716.0,,297618,,,1659.3299987792968,1681.697998046875,Gold,GC=F
2022-11-09,1715.199951171875,1725.800048828125,1705.0999755859375,1713.699951171875,,239645,,,1661.1399963378906,1681.24599609375,Gold,GC=F
2022-11-10,1709.699951171875,1760.5999755859375,1705.5,1753.699951171875,,305717,,,1664.9749938964844,1681.79599609375,Gold,GC=F
2022-11-11,1758.300048828125,1775.5999755859375,1750.300048828125,1769.4000244140625,,227044,,,1670.9999938964843,1682.9979956054688,Gold,GC=F
2022-11-14,1769.4000244140625,1778.4000244140625,1755.800048828125,1776.9000244140625,,191347,,,1676.6449951171876,1684.0839965820312,Gold,GC=F
2022-11-15,1774.0,1791.800048828125,1770.199951171875,1776.800048828125,,283019,,,1682.6949951171875,1685.3619970703126,Gold,GC=F
2022-11-16,1782.0,1788.199951171875,1773.4000244140625,1775.800048828125,,200755,,,1689.775,1686.3219970703126,Gold,GC=F
2022-11-17,1777.0,1777.5999755859375,1756.5999755859375,1763.0,,169097,,,1696.0849975585938,1687.177998046875,Gold,GC=F
2022-11-18,1763.0999755859375,1769.9000244140625,1749.199951171875,1754.4000244140625,,137327,,,1700.9899963378907,1687.6939990234375,Gold,GC=F
2022-11-21,1752.0,1755.0,1733.9000244140625,1739.5999755859375,,166082,,,1705.2649963378906,1687.6739990234375,Gold,GC=F
2022-11-22,1739.699951171875,1751.0,1737.5999755859375,1739.9000244140625,,153092,,,1709.3599975585937,1688.1239990234376,Gold,GC=F
2022-11-23,1740.800048828125,1754.9000244140625,1719.0,1745.5999755859375,,167770,,,1713.179998779297,1688.8539990234376,Gold,GC=F
2022-11-25,1751.0,1761.199951171875,1745.9000244140625,1754.0,,134299,,,1717.6,1690.387998046875,Gold,GC=F
2022-11-28,1755.0,1763.5,1738.199951171875,1740.300048828125,,132767,,,1722.375,1691.5239990234375,Gold,GC=F
2022-11-29,1739.5,1758.199951171875,1737.9000244140625,1748.4000244140625,,19416,,,1727.7600036621093,1692.9280004882812,Gold,GC=F
2022-11-30,1748.0999755859375,1769.4000244140625,1745.0999755859375,1746.0,,192239,,,1732.5750061035155,1694.4260009765626,Gold,GC=F
2022-12-01,1783.0999755859375,1818.4000244140625,1782.9000244140625,1815.199951171875,,226148,,,1740.8350036621093,1697.2160009765626,Gold,GC=F
2022-12-02,1817.0,1818.699951171875,1791.800048828125,1809.5999755859375,,183724,,,1749.770001220703,1699.7860009765625,Gold,GC=F
2022-12-05,1810.5,1822.9000244140625,1778.0999755859375,1781.300048828125,,179818,,,1755.0050048828125,1702.3000024414061,Gold,GC=F
2022-12-06,1780.800048828125,1793.199951171875,1779.0999755859375,1782.4000244140625,,127856,,,1760.1000061035156,1705.2800024414062,Gold,GC=F
2022-12-07,1783.300048828125,1803.199951171875,1780.5,1798.0,,155568,,,1764.2000061035155,1708.5160034179687,Gold,GC=F
2022-12-08,1799.5,1806.9000244140625,1793.199951171875,1801.5,,116274,,,1768.5900085449218,1711.1460034179688,Gold,GC=F
2022-12-09,1801.9000244140625,1819.0,1800.0999755859375,1810.699951171875,,150938,,,1771.440008544922,1713.9880029296876,Gold,GC=F
2022-12-12,1808.0,1809.300048828125,1789.0,1792.300048828125,,107782,,,1772.585009765625,1716.39400390625,Gold,GC=F
2022-12-13,1792.300048828125,1836.9000244140625,1791.800048828125,1825.5,,230911,,,1775.0150085449218,1718.86400390625,Gold,GC=F
2022-12-14,1822.5999755859375,1825.4000244140625,1806.199951171875,1818.699951171875,,143804,,,1777.1100036621094,1720.6280029296875,Gold,GC=F
2022-12-15,1818.699951171875,1819.699951171875,1782.0,1787.800048828125,,185317,,,1777.7100036621093,1721.9680029296876,Gold,GC=F
2022-12-16,1786.9000244140625,1804.199951171875,1783.9000244140625,1800.199951171875,,128751,,,1779.570001220703,1723.5560009765625,Gold,GC=F
2022-12-19,1801.5999755859375,1808.5999755859375,1793.199951171875,1797.699951171875,,86090,,,1781.7349975585937,1725.3239990234374,Gold,GC=F
2022-12-20,1796.800048828125,1832.4000244140625,1793.699951171875,1825.4000244140625,,197496,,,1786.025,1728.3280004882813,Gold,GC=F
2022-12-21,1827.9000244140625,1833.800048828125,1821.300048828125,1825.4000244140625,,110177,,,1790.3,1731.1160009765624,Gold,GC=F
2022-12-22,1823.800048828125,1829.300048828125,1792.699951171875,1795.300048828125,,175774,,,1792.7850036621094,1733.472001953125,Gold,GC=F
2022-12-23,1801.0,1812.199951171875,1798.9000244140625,1804.199951171875,,105457,,,1795.2950012207032,1736.0160009765625,Gold,GC=F
2022-12-27,1808.199951171875,1841.9000244140625,1808.0,1823.0999755859375,,159616,,,1799.4349975585938,1739.5,Gold,GC=F
2022-12-28,1822.4000244140625,1822.800048828125,1804.199951171875,1815.800048828125,,118076,,,1802.804998779297,1742.5360009765625,Gold,GC=F
2022-12-29,1812.300048828125,1827.300048828125,1811.199951171875,1826.0,,105992,,,1806.804998779297,1745.94,Gold,GC=F
2022-12-30,1821.800048828125,1832.4000244140625,1819.800048828125,1826.199951171875,,107496,,,1807.354998779297,1749.78,Gold,GC=F
2023-01-03,1831.800048828125,1856.5999755859375,1831.300048828125,1846.0999755859375,,212272,,,1809.179998779297,1753.9659985351564,Gold,GC=F
2023-01-04,1845.199951171875,1871.300048828125,1842.0,1859.0,,198354,,,1813.0649963378905,1758.0199975585938,Gold,GC=F
2023-01-05,1861.199951171875,1864.300048828125,1829.9000244140625,1840.5999755859375,,188603,,,1815.9749938964844,1761.7499975585938,Gold,GC=F
2023-01-06,1835.9000244140625,1875.199951171875,1835.199951171875,1869.699951171875,,215367,,,1819.559991455078,1765.9839965820313,Gold,GC=F
2023-01-09,1872.800048828125,1886.4000244140625,1869.300048828125,1877.800048828125,,204550,,,1823.3749938964843,1770.1559985351562,Gold,GC=F
2023-01-10,1875.699951171875,1885.199951171875,1872.0,1876.5,,170514,,,1826.6649963378907,1774.3739990234376,Gold,GC=F
2023-01-11,1881.300048828125,1890.9000244140625,1870.9000244140625,1878.9000244140625,,222250,,,1830.9949951171875,1779.0559985351563,Gold,GC=F
2023-01-12,1879.699951171875,1906.5,1872.4000244140625,1898.800048828125,,265174,,,1834.6599975585937,1784.2180004882812,Gold,GC=F
2023-01-13,1898.800048828125,1925.300048828125,1895.0999755859375,1921.699951171875,,247878,,,1839.8099975585938,1789.6580004882812,Gold,GC=F
2023-01-17,1923.800048828125,1931.800048828125,1906.199951171875,1909.9000244140625,,268368,,,1845.9149963378907,1794.8560009765624,Gold,GC=F
2023-01-18,1911.0999755859375,1929.800048828125,1898.5999755859375,1907.0,,218967,,,1851.2549987792968,1800.3780004882813,Gold,GC=F
2023-01-19,1907.0,1936.9000244140625,1902.0,1923.9000244140625,,214246,,,1857.5650024414062,1805.3240014648438,Gold,GC=F
2023-01-20,1933.699951171875,1939.0,1922.0,1928.199951171875,,165272,,,1862.7049987792968,1810.2780004882814,Gold,GC=F
2023-01-23,1928.4000244140625,1936.699951171875,1912.5,1928.5999755859375,,190094,,,1867.8649963378907,1814.53,Gold,GC=F
2023-01-24,1932.0,1943.800048828125,1918.199951171875,1935.4000244140625,,201713,,,1874.8699951171875,1818.9640014648437,Gold,GC=F
2023-01-25,1938.699951171875,1949.5,1920.5999755859375,1942.5999755859375,,190302,,,1881.7899963378907,1822.742001953125,Gold,GC=F
2023-01-26,1948.0,1949.800048828125,1918.4000244140625,1930.0,,223255,,,1887.1349975585938,1825.9540014648437,Gold,GC=F
2023-01-27,1929.300048828125,1935.4000244140625,1916.5,1929.4000244140625,,150902,,,1892.8149963378905,1829.0040014648437,Gold,GC=F
2023-01-30,1928.300048828125,1933.5999755859375,1920.300048828125,1922.9000244140625,,27220,,,1897.6599975585937,1831.9260009765626,Gold,GC=F
2023-01-31,1923.0,1930.4000244140625,1900.5999755859375,1929.5,,194077,,,1902.825,1835.0,Gold,GC=F
2023-02-01,1944.0,1970.800048828125,1936.0999755859375,1942.800048828125,,210613,,,1907.6600036621094,1838.5960009765624,Gold,GC=F
2023-02-02,1967.0999755859375,1975.199951171875,1925.5999755859375,1930.800048828125,,259844,,,1911.2500061035157,1842.1240014648438,Gold,GC=F
2023-02-03,1926.300048828125,1932.4000244140625,1874.5,1876.5999755859375,,310612,,,1913.0500061035157,1844.8640014648438,Gold,GC=F
2023-02-06,1878.0,1894.0,1873.199951171875,1879.5,,164540,,,1913.5400085449219,1847.6560009765626,Gold,GC=F
2023-02-07,1880.300048828125,1897.199951171875,1877.5,1884.800048828125,,179673,,,1913.8900085449218,1850.4400024414062,Gold,GC=F
2023-02-08,1885.0999755859375,1898.9000244140625,1881.4000244140625,1890.699951171875,,131904,,,1914.6000061035156,1853.1740014648437,Gold,GC=F
2023-02-09,1888.300048828125,1902.300048828125,1870.199951171875,1878.5,,183551,,,1914.5800048828125,1855.9380004882812,Gold,GC=F
2023-02-10,1873.5,1883.5,1863.5,1874.5,,155270,,,1913.3650024414062,1858.46,Gold,GC=F
2023-02-13,1876.699951171875,1877.199951171875,1860.800048828125,1863.5,,131217,,,1910.4550048828125,1860.81,Gold,GC=F
2023-02-14,1864.0999755859375,1881.5999755859375,1852.5,1865.4000244140625,,217012,,,1908.2300048828124,1861.8140014648438,Gold,GC=F
2023-02-15,1865.0999755859375,1870.9000244140625,1839.300048828125,1845.300048828125,,169531,,,1905.1450073242188,1862.5280029296875,Gold,GC=F
2023-02-16,1846.5,1854.9000244140625,1836.5999755859375,1851.800048828125,,168509,,,1901.5400085449219,1863.9380029296874,Gold,GC=F
2023-02-17,1845.699951171875,1853.0999755859375,1827.699951171875,1850.199951171875,,165081,,,1897.6400085449218,1865.2940014648439,Gold,GC=F
2023-02-21,1850.5,1856.4000244140625,1839.0,1842.5,,210165,,,1893.335009765625,1866.1840014648437,Gold,GC=F
2023-02-22,1843.699951171875,1855.0,1831.9000244140625,1841.5,,141500,,,1888.6400085449218,1866.9840014648437,Gold,GC=F
2023-02-23,1834.699951171875,1841.199951171875,1824.800048828125,1826.800048828125,,179972,,,1882.8500122070313,1867.3060034179687,Gold,GC=F
2023-02-24,1829.699951171875,1835.0999755859375,1815.5,1817.0999755859375,,169473,,,1877.205010986328,1867.802001953125,Gold,GC=F
2023-02-27,1818.0,1827.300048828125,1812.0,1824.9000244140625,,130427,,,1871.9800109863281,1867.7900024414062,Gold,GC=F
2023-02-28,1823.9000244140625,1838.5999755859375,1810.800048828125,1836.699951171875,,184507,,,1867.6700073242187,1868.1500024414063,Gold,GC=F
2023-03-01,1834.0,1852.5,1829.5999755859375,1845.4000244140625,,182583,,,1863.4650085449218,1869.302001953125,Gold,GC=F
2023-03-02,1843.800048828125,1845.300048828125,1835.9000244140625,1840.5,,139755,,,1858.3500061035156,1870.1080029296875,Gold,GC=F
2023-03-03,1842.0999755859375,1864.4000244140625,1842.0,1854.5999755859375,,158961,,,1854.5400024414062,1871.2460034179687,Gold,GC=F
2023-03-06,1861.0,1864.300048828125,1850.5999755859375,1854.5999755859375,,136224,,,1853.4400024414062,1871.8300024414064,Gold,GC=F
2023-03-07,1852.5999755859375,1856.9000244140625,1817.0999755859375,1820.0,,248226,,,1850.4650024414063,1871.722001953125,Gold,GC=F
2023-03-08,1818.0,1828.699951171875,1813.4000244140625,1818.5999755859375,,208292,,,1847.1549987792969,1872.1880004882812,Gold,GC=F
2023-03-09,1818.0,1839.4000244140625,1815.4000244140625,1834.5999755859375,,228473,,,1844.35,1872.7960009765625,Gold,GC=F
2023-03-10,1835.0999755859375,1874.300048828125,1830.0,1867.199951171875,,345814,,,1843.7849975585937,1873.6780004882812,Gold,GC=F
2023-03-13,1877.0999755859375,1919.5,1875.699951171875,1916.5,,452332,,,1845.8849975585938,1875.6919995117187,Gold,GC=F
2023-03-14,1919.4000244140625,1919.4000244140625,1899.800048828125,1910.9000244140625,,261275,,,1848.2549987792968,1877.39,Gold,GC=F
2023-03-15,1908.199951171875,1942.5,1889.5,1931.300048828125,,385454,,,1851.55,1879.492001953125,Gold,GC=F
2023-03-16,1922.800048828125,1938.0,1911.5,1923.0,,248084,,,1855.4349975585938,1881.0300024414062,Gold,GC=F
2023-03-17,1925.9000244140625,1993.699951171875,1922.300048828125,1973.5,,351092,,,1861.5199951171876,1883.3200024414064,Gold,GC=F
2023-03-20,1989.699951171875,2014.9000244140625,1970.0,1982.800048828125,,338016,,,1868.15,1886.16400390625,Gold,GC=F
2023-03-21,1983.0999755859375,1988.699951171875,1938.5999755859375,1941.0999755859375,,248934,,,1873.0799987792968,1887.5920043945312,Gold,GC=F
2023-03-22,1943.5,1982.300048828125,1936.5,1949.5999755859375,,245031,,,1878.4849975585937,1889.0280029296875,Gold,GC=F
2023-03-23,1974.0,2006.0999755859375,1967.300048828125,1995.9000244140625,,262247,,,1886.9399963378905,1891.4160034179688,Gold,GC=F
2023-03-24,1996.0999755859375,2006.5,1977.699951171875,1983.800048828125,,285442,,,1895.275,1893.51400390625,Gold,GC=F
2023-03-27,1982.5999755859375,1984.0,1945.0,1953.800048828125,,206630,,,1901.7200012207031,1894.61400390625,Gold,GC=F
2023-03-28,1957.800048828125,1977.0999755859375,1949.9000244140625,1973.5,,183582,,,1908.5600036621095,1895.6500048828125,Gold,GC=F
2023-03-29,1975.4000244140625,1976.0,1959.5,1966.9000244140625,,88563,,,1914.6350036621093,1896.7900048828126,Gold,GC=F
2023-03-30,1965.9000244140625,1984.4000244140625,1954.9000244140625,1980.300048828125,,10119,,,1921.6250061035157,1898.256005859375,Gold,GC=F
2023-03-31,1981.300048828125,1986.800048828125,1968.0,1969.0,,162212,,,1927.3450073242188,1899.1580053710939,Gold,GC=F
2023-04-03,1990.0,2008.0,1965.9000244140625,2000.4000244140625,,187986,,,1934.635009765625,1900.6020068359376,Gold,GC=F
2023-04-04,2001.300048828125,2043.4000244140625,1994.0,2038.199951171875,,233301,,,1945.5450073242187,1902.7940063476562,Gold,GC=F
2023-04-05,2038.199951171875,2049.199951171875,2026.0999755859375,2035.5999755859375,,197371,,,1956.3950073242188,1904.7980053710937,Gold,GC=F
2023-04-06,2037.0999755859375,2037.699951171875,2016.5,2026.4000244140625,,0,,,1965.985009765625,1906.4740063476563,Gold,GC=F
2023-04-10,2008.5999755859375,2021.5,1996.5,2003.800048828125,,136231,,,1972.8150146484375,1907.9500073242189,Gold,GC=F
2023-04-11,2007.0,2022.5,2003.699951171875,2019.0,,126376,,,1977.9400146484375,1909.7420068359374,Gold,GC=F
2023-04-12,2019.0999755859375,2043.9000244140625,2015.699951171875,2024.9000244140625,,228494,,,1983.6400146484375,1911.7820068359374,Gold,GC=F
2023-04-13,2029.5,2063.39990234375,2028.300048828125,2055.300048828125,,198461,,,1989.8400146484375,1914.2980078125,Gold,GC=F
2023-04-14,2054.699951171875,2061.60009765625,2006.0,2015.800048828125,,262825,,,1994.4800170898438,1915.7580078125,Gold,GC=F
2023-04-17,2014.0999755859375,2028.0,1993.4000244140625,2007.0,,183425,,,1996.1550170898438,1917.2820068359374,Gold,GC=F
2023-04-18,2007.9000244140625,2024.5999755859375,2003.300048828125,2019.699951171875,,164975,,,1998.0000122070312,1920.1440063476562,Gold,GC=F
2023-04-19,2017.9000244140625,2020.300048828125,1980.9000244140625,2007.300048828125,,218808,,,2001.3100158691407,1922.7000073242189,Gold,GC=F
2023-04-20,2007.699951171875,2024.199951171875,2002.199951171875,2019.0999755859375,,162840,,,2004.7850158691406,1925.386005859375,Gold,GC=F
2023-04-21,2016.0999755859375,2016.800048828125,1982.300048828125,1990.5,,210502,,,2004.5150146484375,1927.3820068359375,Gold,GC=F
2023-04-24,1992.0,2001.5,1984.4000244140625,1999.800048828125,,139878,,,2005.3150146484375,1929.8080078125,Gold,GC=F
2023-04-25,1999.4000244140625,2014.5,1986.199951171875,2004.5,,222551,,,2007.8500122070313,1932.4080078125,Gold,GC=F
2023-04-26,2007.699951171875,2020.199951171875,1993.699951171875,1996.0,,241399,,,2008.9750122070313,1935.0580078125,Gold,GC=F
2023-04-27,1999.800048828125,2013.300048828125,1982.0,1999.0,,203898,,,2010.580010986328,1937.7300073242188,Gold,GC=F
2023-04-28,1997.199951171875,2004.0999755859375,1984.4000244140625,1999.0999755859375,,172445,,,2011.5200073242188,1940.806005859375,Gold,GC=F
2023-05-01,2000.199951171875,2015.4000244140625,1985.699951171875,1992.199951171875,,173016,,,2012.6800048828125,1943.61400390625,Gold,GC=F
2023-05-02,1990.5,2028.800048828125,1986.9000244140625,2023.300048828125,,245637,,,2013.8250061035155,1947.076005859375,Gold,GC=F
2023-05-03,2026.4000244140625,2050.0,2016.0,2037.0,,229674,,,2013.7650085449218,1950.966005859375,Gold,GC=F
2023-05-04,2054.699951171875,2085.39990234375,2038.5,2055.699951171875,,311003,,,2014.7700073242188,1955.2500048828124,Gold,GC=F
2023-05-05,2058.0,2061.300048828125,2007.0,2024.800048828125,,283299,,,2014.690008544922,1959.2100048828124,Gold,GC=F
2023-05-08,2024.5999755859375,2037.0999755859375,2022.0,2033.199951171875,,182213,,,2016.1600036621094,1963.5320043945312,Gold,GC=F
2023-05-09,2028.4000244140625,2045.0999755859375,2026.4000244140625,2042.9000244140625,,199701,,,2017.3550048828124,1967.8920043945313,Gold,GC=F
2023-05-10,2041.5999755859375,2056.0,2028.300048828125,2037.0999755859375,,260807,,,2017.9650024414063,1971.9000048828125,Gold,GC=F
2023-05-11,2036.800048828125,2047.5999755859375,2016.699951171875,2020.5,,296976,,,2016.225,1975.4020043945313,Gold,GC=F
2023-05-12,2020.5,2027.800048828125,2005.699951171875,2019.800048828125,,220500,,,2016.425,1978.9880053710938,Gold,GC=F
2023-05-15,2013.4000244140625,2027.5,2011.199951171875,2022.699951171875,,163251,,,2017.2099975585938,1982.3500048828125,Gold,GC=F
2023-05-16,2021.300048828125,2022.699951171875,1989.0999755859375,1993.0,,229938,,,2015.875,1985.1180053710937,Gold,GC=F
2023-05-17,1993.0,1997.0,1978.0999755859375,1984.9000244140625,,206552,,,2014.7549987792968,1988.416005859375,Gold,GC=F
2023-05-18,1985.5999755859375,1988.800048828125,1954.4000244140625,1959.800048828125,,227733,,,2011.7900024414062,1991.2400073242188,Gold,GC=F
2023-05-19,1960.5,1987.4000244140625,1956.300048828125,1981.5999755859375,,234604,,,2011.3450012207031,1994.1800073242186,Gold,GC=F
2023-05-22,1979.4000244140625,1984.800048828125,1970.699951171875,1977.199951171875,,165768,,,2010.2149963378906,1996.3800073242187,Gold,GC=F
2023-05-23,1973.9000244140625,1980.0,1955.800048828125,1974.5,,214358,,,2008.7149963378906,1997.5400073242188,Gold,GC=F
2023-05-24,1977.300048828125,1987.9000244140625,1958.4000244140625,1964.5999755859375,,229885,,,2007.1449951171876,1998.6140063476562,Gold,GC=F
2023-05-25,1959.5,1965.4000244140625,1939.0,1943.699951171875,,253875,,,2004.3799926757813,1998.8620043945311,Gold,GC=F
2023-05-26,1941.699951171875,1957.0999755859375,1936.0,1944.300048828125,,166036,,,2001.6399963378906,1999.2880053710937,Gold,GC=F
2023-05-30,1942.699951171875,1962.5999755859375,1931.0,1958.0,,37838,,,1999.929998779297,1998.9780053710938,Gold,GC=F
2023-05-31,1958.199951171875,1973.0,1953.0,1963.9000244140625,,207753,,,1996.9599975585938,1998.6000048828125,Gold,GC=F
2023-06-01,1981.300048828125,2000.699951171875,1970.0999755859375,1995.5,,176911,,,1994.8849975585938,1999.6880053710938,Gold,GC=F
2023-06-02,1994.5999755859375,2000.5,1963.699951171875,1969.5999755859375,,209694,,,1990.5799987792968,2000.0880053710937,Gold,GC=F
2023-06-05,1962.300048828125,1980.4000244140625,1953.800048828125,1974.300048828125,,179985,,,1988.054998779297,1999.656005859375,Gold,GC=F
2023-06-06,1978.0,1982.9000244140625,1970.300048828125,1981.5,,135995,,,1985.4700012207031,1999.6100048828125,Gold,GC=F
2023-06-07,1980.0,1986.5,1955.4000244140625,1958.4000244140625,,189529,,,1981.2450012207032,1999.7020043945313,Gold,GC=F
2023-06-08,1956.199951171875,1985.699951171875,1955.199951171875,1978.5999755859375,,191843,,,1978.320001220703,1999.80400390625,Gold,GC=F
2023-06-09,1980.5,1987.800048828125,1971.0,1977.199951171875,,130408,,,1976.1549987792969,2000.0100024414062,Gold,GC=F
2023-06-12,1975.5999755859375,1981.4000244140625,1963.0999755859375,1969.699951171875,,122542,,,1973.6499938964844,1999.7980004882813,Gold,GC=F
2023-06-13,1971.4000244140625,1985.9000244140625,1953.0,1958.5999755859375,,198397,,,1970.4449951171875,1999.59,Gold,GC=F
2023-06-14,1957.199951171875,1973.9000244140625,1952.5,1968.9000244140625,,199710,,,1969.2399963378907,1998.96,Gold,GC=F
2023-06-15,1955.699951171875,1972.800048828125,1936.0999755859375,1970.699951171875,,266353,,,1968.5299926757812,1997.61,Gold,GC=F
2023-06-16,1970.300048828125,1980.4000244140625,1965.4000244140625,1971.199951171875,,160514,,,1969.0999877929687,1996.3219995117188,Gold,GC=F
2023-06-20,1970.699951171875,1971.800048828125,1940.800048828125,1947.699951171875,,250140,,,1967.4049865722657,1994.747998046875,Gold,GC=F
2023-06-21,1948.0,1950.4000244140625,1929.300048828125,1944.9000244140625,,182021,,,1965.789990234375,1993.5699975585937,Gold,GC=F
2023-06-22,1943.300048828125,1945.0999755859375,1922.0,1923.699951171875,,171779,,,1963.2499877929688,1991.6639965820314,Gold,GC=F
2023-06-23,1923.5,1949.0,1919.5,1929.5999755859375,,186861,,,1961.4999877929688,1989.7579956054688,Gold,GC=F
2023-06-26,1936.300048828125,1943.4000244140625,1931.0999755859375,1933.800048828125,,147769,,,1961.0049926757813,1987.3279956054687,Gold,GC=F
2023-06-27,1932.699951171875,1940.300048828125,1919.800048828125,1923.800048828125,,180436,,,1959.9799926757812,1985.4879956054688,Gold,GC=F
2023-06-28,1923.0999755859375,1926.0999755859375,1911.4000244140625,1922.199951171875,,162493,,,1958.189990234375,1983.7919946289062,Gold,GC=F
2023-06-29,1916.5,1921.300048828125,1900.5999755859375,1917.9000244140625,,205252,,,1955.889990234375,1981.75599609375,Gold,GC=F
2023-06-30,1916.4000244140625,1930.800048828125,1908.0999755859375,1929.4000244140625,,180688,,,1952.5849914550781,1980.1979956054688,Gold,GC=F
2023-07-03,1927.800048828125,1939.9000244140625,1917.699951171875,1929.5,,152959,,,1950.5799926757813,1978.40599609375,Gold,GC=F
2023-07-05,1929.0999755859375,1942.9000244140625,1922.0999755859375,1927.0999755859375,,245932,,,1948.219989013672,1977.1379956054689,Gold,GC=F
2023-07-06,1922.4000244140625,1934.0,1908.5,1915.4000244140625,,231513,,,1944.914990234375,1975.4499951171874,Gold,GC=F
2023-07-07,1916.5999755859375,1941.0999755859375,1915.4000244140625,1932.5,,214272,,,1943.6199890136718,1974.0099951171876,Gold,GC=F
2023-07-10,1930.699951171875,1933.699951171875,1918.0,1931.0,,208085,,,1941.239990234375,1972.7099951171874,Gold,GC=F
2023-07-11,1930.800048828125,1944.5,1929.800048828125,1937.0999755859375,,189372,,,1939.2349914550782,1971.4719946289063,Gold,GC=F
2023-07-12,1938.0,1965.0999755859375,1937.5,1961.699951171875,,270869,,,1938.8349914550781,1970.723994140625,Gold,GC=F
2023-07-13,1962.699951171875,1968.5,1956.5999755859375,1963.800048828125,,241215,,,1939.0949951171874,1970.15599609375,Gold,GC=F
2023-07-14,1965.199951171875,1967.800048828125,1954.699951171875,1964.4000244140625,,209306,,,1938.8699951171875,1968.9779956054688,Gold,GC=F
2023-07-17,1958.5999755859375,1963.5999755859375,1949.0,1956.4000244140625,,165833,,,1938.1549987792969,1967.36599609375,Gold,GC=F
2023-07-18,1958.300048828125,1988.300048828125,1958.0999755859375,1980.800048828125,,264086,,,1938.6350036621093,1965.867998046875,Gold,GC=F
2023-07-19,1982.5,1984.5999755859375,1973.300048828125,1980.800048828125,,159409,,,1940.2900085449219,1964.987998046875,Gold,GC=F
2023-07-20,1980.0,1989.800048828125,1967.699951171875,1970.9000244140625,,189926,,,1941.5900085449218,1963.7419995117189,Gold,GC=F
2023-07-21,1972.0999755859375,1975.9000244140625,1958.800048828125,1966.5999755859375,,156540,,,1943.735009765625,1962.2159985351564,Gold,GC=F
2023-07-24,1963.5999755859375,1969.800048828125,1955.300048828125,1962.199951171875,,197213,,,1945.365008544922,1960.717998046875,Gold,GC=F
2023-07-25,1957.0,1967.0999755859375,1951.5999755859375,1963.699951171875,,188848,,,1946.8600036621094,1959.5819970703126,Gold,GC=F
2023-07-26,1966.300048828125,1979.9000244140625,1963.199951171875,1970.0999755859375,,208106,,,1949.175,1958.5879956054687,Gold,GC=F
2023-07-27,1973.300048828125,1982.5999755859375,1941.699951171875,1945.699951171875,,194253,,,1950.35,1957.0479956054687,Gold,GC=F
2023-07-28,1945.5,1962.199951171875,1944.199951171875,1960.4000244140625,,23155,,,1952.475,1956.39599609375,Gold,GC=F
2023-07-31,1959.199951171875,1971.5999755859375,1950.0,1970.5,,139955,,,1954.5299987792969,1956.1079956054687,Gold,GC=F
2023-08-01,2004.199951171875,2004.4000244140625,1978.300048828125,1978.800048828125,,167756,,,1956.9950012207032,1956.4879956054688,Gold,GC=F
2023-08-02,1988.9000244140625,1992.199951171875,1969.0999755859375,1975.0,,169658,,,1959.3900024414063,1956.35599609375,Gold,GC=F
2023-08-03,1970.800048828125,1974.5,1964.5,1968.800048828125,,141345,,,1962.0600036621095,1956.187998046875,Gold,GC=F
2023-08-04,1969.5999755859375,1984.199951171875,1954.5,1976.0999755859375,,156416,,,1964.2400024414062,1956.2199975585938,Gold,GC=F
2023-08-07,1977.5999755859375,1981.699951171875,1966.0999755859375,1970.0,,104407,,,1966.1900024414062,1956.327998046875,Gold,GC=F
2023-08-08,1971.5,1972.800048828125,1956.5,1959.9000244140625,,142336,,,1967.3300048828125,1956.6519995117187,Gold,GC=F
2023-08-09,1959.300048828125,1966.0999755859375,1947.199951171875,1950.5999755859375,,139259,,,1966.7750061035156,1956.777998046875,Gold,GC=F
2023-08-10,1947.699951171875,1963.5,1944.4000244140625,1948.9000244140625,,168264,,,1966.0300048828126,1956.5959985351562,Gold,GC=F
2023-08-11,1944.9000244140625,1953.5999755859375,1942.699951171875,1946.5999755859375,,122320,,,1965.1400024414063,1956.2499975585938,Gold,GC=F
2023-08-14,1945.5999755859375,1948.199951171875,1934.199951171875,1944.0,,120983,,,1964.520001220703,1955.2199975585938,Gold,GC=F
2023-08-15,1939.4000244140625,1944.300048828125,1927.5,1935.199951171875,,167153,,,1962.2399963378907,1954.5319970703124,Gold,GC=F
2023-08-16,1933.0999755859375,1938.199951171875,1922.0,1928.300048828125,,128612,,,1959.6149963378907,1953.6119970703126,Gold,GC=F
2023-08-17,1922.4000244140625,1933.5,1914.199951171875,1915.199951171875,,152329,,,1956.8299926757813,1952.28599609375,Gold,GC=F
2023-08-18,1919.199951171875,1926.0,1915.9000244140625,1916.5,,114737,,,1954.3249938964843,1951.4479956054688,Gold,GC=F
2023-08-21,1918.4000244140625,1927.9000244140625,1913.5999755859375,1923.0,,138109,,,1952.3649963378907,1950.33599609375,Gold,GC=F
2023-08-22,1924.0,1933.199951171875,1917.5,1926.0,,131088,,,1950.479998779297,1949.3119970703126,Gold,GC=F
2023-08-23,1926.800048828125,1949.699951171875,1926.199951171875,1948.0999755859375,,170040,,,1949.3799987792968,1948.8799975585937,Gold,GC=F
2023-08-24,1944.9000244140625,1951.300048828125,1939.199951171875,1947.0999755859375,,137393,,,1949.45,1948.6499975585937,Gold,GC=F
2023-08-25,1944.9000244140625,1950.4000244140625,1931.0,1939.9000244140625,,166988,,,1948.425,1948.0699975585937,Gold,GC=F
2023-08-28,1944.0,1954.199951171875,1940.0999755859375,1946.800048828125,,115553,,,1947.2400024414062,1947.5919995117188,Gold,GC=F
2023-08-29,1948.0999755859375,1966.5,1941.699951171875,1965.0999755859375,,174220,,,1946.554998779297,1947.47,Gold,GC=F
2023-08-30,1966.0,1977.0999755859375,1962.800048828125,1973.0,,142380,,,1946.4549987792968,1947.9760009765625,Gold,GC=F
2023-08-31,1970.199951171875,1974.9000244140625,1965.5,1965.9000244140625,,133712,,,1946.3099975585938,1948.3960009765624,Gold,GC=F
2023-09-01,1966.4000244140625,1980.199951171875,1960.699951171875,1967.0999755859375,,160725,,,1945.8599975585937,1949.2640014648437,Gold,GC=F
2023-09-05,1966.699951171875,1972.5999755859375,1950.5999755859375,1952.5999755859375,,192789,,,1944.9899963378907,1949.7240014648437,Gold,GC=F
2023-09-06,1951.5,1954.5,1940.0,1944.199951171875,,148775,,,1944.2049926757813,1949.9319995117187,Gold,GC=F
2023-09-07,1942.199951171875,1947.9000244140625,1940.300048828125,1942.5,,117168,,,1943.7999938964845,1950.3059985351563,Gold,GC=F
2023-09-08,1943.800048828125,1954.0,1940.800048828125,1942.699951171875,,138694,,,1943.489990234375,1950.7159985351564,Gold,GC=F
2023-09-11,1943.300048828125,1954.5999755859375,1939.5,1947.199951171875,,131076,,,1943.5199890136719,1951.3019970703126,Gold,GC=F
2023-09-12,1945.5999755859375,1947.5,1929.9000244140625,1935.0999755859375,,161993,,,1943.0749877929688,1951.41599609375,Gold,GC=F
2023-09-13,1935.199951171875,1938.4000244140625,1927.199951171875,1932.5,,161003,,,1942.939990234375,1951.47599609375,Gold,GC=F
2023-09-14,1930.699951171875,1934.5,1921.699951171875,1932.800048828125,,201744,,,1943.164990234375,1951.5899975585937,Gold,GC=F
2023-09-15,1932.5,1952.4000244140625,1931.199951171875,1946.199951171875,,199773,,,1944.714990234375,1952.20599609375,Gold,GC=F
2023-09-18,1945.699951171875,1955.699951171875,1943.800048828125,1953.4000244140625,,138031,,,1946.559991455078,1952.6239965820312,Gold,GC=F
2023-09-19,1955.300048828125,1958.9000244140625,1950.9000244140625,1953.699951171875,,131097,,,1948.094989013672,1953.0779956054687,Gold,GC=F
2023-09-20,1953.0,1968.9000244140625,1948.5999755859375,1967.0999755859375,,220980,,,1950.1499877929687,1953.6779956054688,Gold,GC=F
2023-09-21,1952.0,1952.199951171875,1933.0999755859375,1939.5999755859375,,225908,,,1949.7249877929687,1953.23599609375,Gold,GC=F
2023-09-22,1939.5999755859375,1949.0999755859375,1939.5999755859375,1945.5999755859375,,139926,,,1949.6499877929687,1952.8719946289064,Gold,GC=F
2023-09-25,1944.699951171875,1946.800048828125,1933.800048828125,1936.5999755859375,,164259,,,1949.4849853515625,1952.3159936523436,Gold,GC=F
2023-09-26,1935.0999755859375,1935.5,1917.199951171875,1919.800048828125,,212263,,,1948.1349853515626,1951.583994140625,Gold,GC=F
2023-09-27,1918.800048828125,1921.699951171875,1890.300048828125,1890.9000244140625,,238525,,,1944.4249877929688,1949.7859936523437,Gold,GC=F
2023-09-28,1893.300048828125,1896.800048828125,1874.5,1878.5999755859375,,231419,,,1939.7049865722656,1947.7419921875,Gold,GC=F
2023-09-29,1882.300048828125,1896.699951171875,1862.300048828125,1866.0999755859375,,245131,,,1934.7149841308594,1945.6459912109376,Gold,GC=F
2023-10-02,1864.4000244140625,1864.699951171875,1842.699951171875,1847.199951171875,,202147,,,1928.7199829101562,1943.2579907226564,Gold,GC=F
2023-10-03,1844.9000244140625,1849.300048828125,1830.9000244140625,1841.5,,216784,,,1923.1649841308595,1940.8439916992188,Gold,GC=F
2023-10-04,1838.699951171875,1846.800048828125,1831.5999755859375,1834.800048828125,,195048,,,1917.6949890136718,1938.2659936523437,Gold,GC=F
2023-10-05,1837.5999755859375,1843.5,1826.199951171875,1831.800048828125,,172464,,,1912.1599914550782,1935.4999951171876,Gold,GC=F
2023-10-06,1834.300048828125,1849.0,1823.5,1845.199951171875,,231024,,,1907.2849914550782,1933.4899951171874,Gold,GC=F
2023-10-09,1861.0,1877.300048828125,1857.5,1864.300048828125,,187802,,,1903.1399963378906,1931.5679956054687,Gold,GC=F
2023-10-10,1875.4000244140625,1879.0999755859375,1866.0999755859375,1875.300048828125,,157340,,,1900.15,1929.6639965820314,Gold,GC=F
2023-10-11,1873.699951171875,1890.9000244140625,1871.699951171875,1887.300048828125,,169964,,,1897.8900024414063,1927.8339965820312,Gold,GC=F
2023-10-12,1888.0999755859375,1898.300048828125,1880.5999755859375,1883.0,,163475,,,1895.4,1925.9939965820313,Gold,GC=F
2023-10-13,1881.699951171875,1946.199951171875,1881.5,1941.5,,312994,,,1895.1650024414062,1925.4479956054688,Gold,GC=F
2023-10-16,1941.300048828125,1943.0,1921.199951171875,1934.300048828125,,182823,,,1894.2100036621093,1924.6119970703126,Gold,GC=F
2023-10-17,1933.300048828125,1944.5,1924.5999755859375,1935.699951171875,,165063,,,1893.3100036621095,1923.92599609375,Gold,GC=F
2023-10-18,1936.699951171875,1975.800048828125,1935.9000244140625,1968.300048828125,,270045,,,1893.3700073242187,1924.0939965820312,Gold,GC=F
2023-10-19,1960.0999755859375,1990.199951171875,1957.0,1980.5,,264821,,,1895.4150085449219,1924.6919970703125,Gold,GC=F
2023-10-20,1988.0,2009.199951171875,1983.699951171875,1994.4000244140625,,289109,,,1897.8550109863281,1925.6019970703126,Gold,GC=F
2023-10-23,1987.699951171875,1994.300048828125,1971.0,1987.800048828125,,212290,,,1900.4150146484376,1926.4259985351562,Gold,GC=F
2023-10-24,1984.0999755859375,1992.0,1964.5999755859375,1986.0999755859375,,200943,,,1903.7300109863281,1927.267998046875,Gold,GC=F
2023-10-25,1982.699951171875,1998.5999755859375,1973.5999755859375,1994.9000244140625,,240655,,,1908.9300109863282,1928.4619995117187,Gold,GC=F
2023-10-26,1991.199951171875,2003.699951171875,1981.5999755859375,1997.4000244140625,,214053,,,1914.8700134277344,1929.8439990234374,Gold,GC=F
2023-10-27,1995.0,2019.699951171875,1986.4000244140625,1998.5,,213757,,,1921.4900146484374,1931.51,Gold,GC=F
2023-10-30,2013.5,2016.800048828125,1999.699951171875,2005.5999755859375,,181339,,,1929.4100158691406,1933.2919995117188,Gold,GC=F
2023-10-31,2005.5999755859375,2017.699951171875,1987.4000244140625,1994.300048828125,,214776,,,1937.0500183105469,1934.7180004882812,Gold,GC=F
2023-11-01,1993.300048828125,2005.9000244140625,1978.199951171875,1987.5,,197629,,,1944.6850158691407,1935.9480004882812,Gold,GC=F
2023-11-02,1992.0,1999.199951171875,1986.300048828125,1993.5,,158650,,,1952.7700134277343,1936.8560009765624,Gold,GC=F
2023-11-03,1993.5,2011.9000244140625,1989.300048828125,1999.199951171875,,222189,,,1960.4700134277343,1937.8980004882812,Gold,GC=F
2023-11-06,1999.4000244140625,2000.0999755859375,1984.199951171875,1988.5999755859375,,146279,,,1966.685009765625,1938.8719995117187,Gold,GC=F
2023-11-07,1984.800048828125,1985.199951171875,1962.800048828125,1973.5,,218948,,,1971.5950073242188,1939.4059985351562,Gold,GC=F
2023-11-08,1975.300048828125,1977.5,1953.199951171875,1957.800048828125,,189359,,,1975.1200073242187,1939.26,Gold,GC=F
2023-11-09,1955.5,1971.5,1948.300048828125,1969.800048828125,,214077,,,1979.460009765625,1939.1960009765626,Gold,GC=F
2023-11-10,1964.0999755859375,1965.5999755859375,1936.9000244140625,1937.699951171875,,229637,,,1979.2700073242188,1938.6319995117187,Gold,GC=F
2023-11-13,1943.4000244140625,1953.5,1935.5999755859375,1950.199951171875,,183702,,,1980.0650024414062,1938.2939990234374,Gold,GC=F
2023-11-14,1950.300048828125,1975.300048828125,1938.800048828125,1966.5,,180741,,,1981.6050048828124,1938.5719995117188,Gold,GC=F
2023-11-15,1966.9000244140625,1979.199951171875,1958.800048828125,1964.300048828125,,142924,,,1981.4050048828126,1938.9740014648437,Gold,GC=F
2023-11-16,1963.0,1991.0999755859375,1959.0,1987.300048828125,,186810,,,1981.7450073242187,1939.8700024414063,Gold,GC=F
2023-11-17,1984.199951171875,1996.4000244140625,1981.0999755859375,1984.699951171875,,133120,,,1981.2600036621093,1940.7100024414062,Gold,GC=F
2023-11-20,1980.9000244140625,1987.800048828125,1967.199951171875,1980.300048828125,,177887,,,1980.8850036621093,1941.3720043945314,Gold,GC=F
2023-11-21,1980.0,2009.800048828125,1979.9000244140625,2001.5999755859375,,230024,,,1981.6600036621094,1942.7020043945313,Gold,GC=F
2023-11-22,2000.300048828125,2008.300048828125,1988.5999755859375,1992.800048828125,,199370,,,1981.5550048828125,1943.9080053710939,Gold,GC=F
2023-11-23,1991.199951171875,1999.5,1990.9000244140625,1993.300048828125,,199370,,,1981.3500061035156,1945.1180053710937,Gold,GC=F
2023-11-24,1991.199951171875,2004.5,1990.9000244140625,2003.0,,214880,,,1981.5750061035155,1946.2540063476563,Gold,GC=F
2023-11-27,2002.5,2018.9000244140625,2001.4000244140625,2012.4000244140625,,251250,,,1981.9150085449219,1947.4340063476564,Gold,GC=F
2023-11-28,2014.300048828125,2044.0999755859375,2011.5,2040.0,,174665,,,1984.2000061035155,1949.1600073242187,Gold,GC=F
2023-11-29,2041.699951171875,2052.10009765625,2036.0,2047.0999755859375,,15290,,,1987.1800048828125,1950.7600073242188,Gold,GC=F
2023-11-30,2046.0999755859375,2047.0999755859375,2033.0999755859375,2038.0999755859375,,151918,,,1989.4100036621094,1952.7300073242188,Gold,GC=F
2023-12-01,2056.5,2095.699951171875,2052.60009765625,2089.699951171875,,241615,,,1993.9350036621095,1955.6120068359376,Gold,GC=F
2023-12-04,2094.39990234375,2152.300048828125,2038.4000244140625,2042.199951171875,,378224,,,1996.6150024414062,1957.7240063476563,Gold,GC=F
2023-12-05,2049.0,2059.60009765625,2027.5999755859375,2036.300048828125,,209549,,,1999.7550048828125,1960.0540063476562,Gold,GC=F
2023-12-06,2037.800048828125,2053.39990234375,2035.300048828125,2047.9000244140625,,154219,,,2004.2600036621093,1963.1940063476563,Gold,GC=F
2023-12-07,2043.4000244140625,2057.199951171875,2036.5999755859375,2046.4000244140625,,173977,,,2008.0900024414063,1966.5500073242188,Gold,GC=F
2023-12-08,2045.699951171875,2050.39990234375,2010.5999755859375,2014.5,,237289,,,2011.9300048828125,1969.5180078125,Gold,GC=F
2023-12-11,2020.0,2023.699951171875,1991.199951171875,1993.699951171875,,160072,,,2014.1050048828124,1972.4480078125,Gold,GC=F
2023-12-12,1997.800048828125,2012.5,1992.300048828125,1993.199951171875,,148532,,,2015.4400024414062,1975.4820068359375,Gold,GC=F
2023-12-13,1995.0999755859375,2043.300048828125,1987.9000244140625,1997.300048828125,,192679,,,2017.0900024414063,1978.7320068359375,Gold,GC=F
2023-12-14,2043.199951171875,2062.89990234375,2039.0999755859375,2044.9000244140625,,231095,,,2019.9700012207031,1982.9940063476563,Gold,GC=F
2023-12-15,2051.300048828125,2059.60009765625,2029.199951171875,2035.699951171875,,172147,,,2022.520001220703,1986.8040063476562,Gold,GC=F
2023-12-18,2033.300048828125,2048.0,2029.5,2040.5,,141406,,,2025.5299987792969,1990.3280053710937,Gold,GC=F
2023-12-19,2041.0999755859375,2061.0,2034.800048828125,2052.10009765625,,134781,,,2028.0550048828125,1993.8640063476562,Gold,GC=F
2023-12-20,2053.800048828125,2056.89990234375,2040.5999755859375,2047.699951171875,,122567,,,2030.8,1997.0720043945312,Gold,GC=F
2023-12-21,2044.4000244140625,2058.0,2043.300048828125,2051.300048828125,,119952,,,2033.7,2000.4380053710938,Gold,GC=F
2023-12-22,2061.199951171875,2083.0,2058.199951171875,2069.10009765625,,170150,,,2037.0050048828125,2002.9900073242188,Gold,GC=F
2023-12-26,2066.0,2080.5,2065.10009765625,2069.800048828125,,79573,,,2039.8750061035157,2005.7000073242189,Gold,GC=F
2023-12-27,2079.300048828125,2095.800048828125,2072.800048828125,2093.10009765625,,128179,,,2042.530010986328,2008.8480102539063,Gold,GC=F
2023-12-28,2089.5,2098.199951171875,2074.60009765625,2083.5,,129544,,,2044.3500122070313,2011.1520092773437,Gold,GC=F
2023-12-29,2076.10009765625,2084.10009765625,2067.60009765625,2071.800048828125,,105724,,,2046.0350158691406,2012.9780102539062,Gold,GC=F
2024-01-02,2072.699951171875,2088.10009765625,2064.300048828125,2073.39990234375,,157555,,,2045.2200134277343,2014.5580078125,Gold,GC=F
2024-01-03,2067.89990234375,2074.300048828125,2038.300048828125,2042.800048828125,,221680,,,2045.250018310547,2015.6580078125,Gold,GC=F
2024-01-04,2049.300048828125,2058.10009765625,2043.300048828125,2050.0,,130263,,,2045.9350158691407,2016.9360083007812,Gold,GC=F
2024-01-05,2051.39990234375,2071.10009765625,2030.800048828125,2049.800048828125,,214684,,,2046.0300170898438,2018.0340087890625,Gold,GC=F
2024-01-08,2052.60009765625,2053.300048828125,2022.699951171875,2033.5,,220988,,,2045.3850158691407,2018.7560083007813,Gold,GC=F
2024-01-09,2034.5,2048.60009765625,2031.9000244140625,2033.0,,218745,,,2046.3100158691407,2019.4460083007812,Gold,GC=F
2024-01-10,2036.0,2046.199951171875,2025.9000244140625,2027.800048828125,,205007,,,2048.015020751953,2019.890009765625,Gold,GC=F
2024-01-11,2029.4000244140625,2056.10009765625,2017.300048828125,2019.199951171875,,301337,,,2049.315020751953,2020.3880078125,Gold,GC=F
2024-01-12,2033.199951171875,2067.300048828125,2033.0999755859375,2051.60009765625,,272352,,,2052.0300231933593,2021.670009765625,Gold,GC=F
2024-01-16,2053.39990234375,2062.800048828125,2027.5999755859375,2030.199951171875,,285254,,,2051.29501953125,2022.4040087890626,Gold,GC=F
2024-01-17,2031.699951171875,2036.0999755859375,2004.5999755859375,2006.5,,254292,,,2049.8350219726562,2022.550009765625,Gold,GC=F
2024-01-18,2009.0999755859375,2025.5999755859375,2007.699951171875,2021.5999755859375,,171928,,,2048.890020751953,2023.210009765625,Gold,GC=F
2024-01-19,2027.4000244140625,2041.9000244140625,2022.199951171875,2029.300048828125,,172805,,,2047.750018310547,2024.3260107421875,Gold,GC=F
2024-01-22,2031.800048828125,2034.0999755859375,2017.4000244140625,2022.199951171875,,152756,,,2046.4750183105468,2025.6140087890626,Gold,GC=F
2024-01-23,2023.199951171875,2039.300048828125,2020.800048828125,2025.800048828125,,156699,,,2045.200018310547,2026.7340087890625,Gold,GC=F
2024-01-24,2030.699951171875,2037.9000244140625,2011.699951171875,2016.0,,234459,,,2042.5450134277344,2028.300009765625,Gold,GC=F
2024-01-25,2014.800048828125,2025.5999755859375,2004.0,2017.800048828125,,196670,,,2039.9450134277345,2029.65201171875,Gold,GC=F
2024-01-26,2021.0,2028.0999755859375,2015.5999755859375,2017.300048828125,,119588,,,2036.155010986328,2030.6680126953124,Gold,GC=F
2024-01-29,2024.4000244140625,2037.199951171875,2018.800048828125,2025.4000244140625,,150708,,,2033.2500122070312,2031.8900122070313,Gold,GC=F
2024-01-30,2032.5,2048.5,2028.0999755859375,2031.5,,26907,,,2031.235009765625,2032.7740112304687,Gold,GC=F
2024-01-31,2035.4000244140625,2055.0,2030.0,2048.39990234375,,238373,,,2029.985009765625,2034.0480102539063,Gold,GC=F
2024-02-01,2057.89990234375,2083.199951171875,2046.4000244140625,2071.10009765625,,260921,,,2031.4000122070313,2035.8640112304688,Gold,GC=F
2024-02-02,2072.0,2074.699951171875,2044.199951171875,2053.699951171875,,219800,,,2031.585009765625,2036.9060107421874,Gold,GC=F
2024-02-05,2057.89990234375,2059.10009765625,2030.800048828125,2042.9000244140625,,170431,,,2031.240008544922,2037.9080102539062,Gold,GC=F
2024-02-06,2041.4000244140625,2055.300048828125,2038.800048828125,2051.39990234375,,126384,,,2032.1350036621093,2039.0700073242188,Gold,GC=F
2024-02-07,2052.60009765625,2061.300048828125,2046.4000244140625,2051.699951171875,,125631,,,2033.070001220703,2040.0440063476562,Gold,GC=F
2024-02-08,2051.0,2053.800048828125,2034.5999755859375,2047.9000244140625,,137076,,,2034.075,2040.7540063476563,Gold,GC=F
2024-02-09,2049.699951171875,2051.89990234375,2034.300048828125,2038.699951171875,,116031,,,2035.05,2040.7280053710938,Gold,GC=F
2024-02-12,2038.199951171875,2041.800048828125,2025.4000244140625,2033.0,,116025,,,2034.1199951171875,2040.446005859375,Gold,GC=F
2024-02-13,2033.699951171875,2047.300048828125,2002.800048828125,2007.199951171875,,217571,,,2032.9699951171874,2039.8280053710937,Gold,GC=F
2024-02-14,2006.300048828125,2008.800048828125,1996.4000244140625,2004.300048828125,,193607,,,2032.8599975585937,2038.1200073242187,Gold,GC=F
2024-02-15,2004.800048828125,2020.199951171875,2001.800048828125,2014.9000244140625,,204249,,,2032.525,2037.5740087890624,Gold,GC=F
2024-02-16,2016.0999755859375,2027.199951171875,2006.5999755859375,2024.0999755859375,,162356,,,2032.2649963378906,2037.3300073242187,Gold,GC=F
2024-02-20,2027.699951171875,2042.699951171875,2023.9000244140625,2039.800048828125,,202432,,,2033.145001220703,2037.1680078125,Gold,GC=F
2024-02-21,2036.199951171875,2043.5,2030.9000244140625,2034.300048828125,,120599,,,2033.570001220703,2036.9260083007812,Gold,GC=F
2024-02-22,2036.5,2045.5,2029.300048828125,2030.699951171875,,147947,,,2034.304998779297,2037.2500073242188,Gold,GC=F
2024-02-23,2034.0999755859375,2053.199951171875,2025.4000244140625,2049.39990234375,,212029,,,2035.884991455078,2038.3640063476562,Gold,GC=F
2024-02-26,2044.199951171875,2046.800048828125,2034.0999755859375,2038.9000244140625,,129021,,,2036.964990234375,2039.2780078125,Gold,GC=F
2024-02-27,2041.199951171875,2049.10009765625,2038.0999755859375,2044.0999755859375,,148780,,,2037.8999877929687,2040.2140063476563,Gold,GC=F
2024-02-28,2039.699951171875,2047.4000244140625,2033.4000244140625,2042.699951171875,,137077,,,2038.4599853515624,2040.1700048828125,Gold,GC=F
2024-02-29,2043.800048828125,2059.39990234375,2036.0,2054.699951171875,,227074,,,2038.7749877929687,2040.5500048828126,Gold,GC=F
2024-03-01,2052.800048828125,2097.10009765625,2047.0,2095.699951171875,,330592,,,2040.00498046875,2041.65400390625,Gold,GC=F
2024-03-04,2091.60009765625,2128.39990234375,2088.10009765625,2126.300048828125,,328253,,,2043.6349853515626,2043.1380029296874,Gold,GC=F
2024-03-05,2123.300048828125,2150.5,2118.5,2141.89990234375,,283148,,,2048.5849792480467,2045.022001953125,Gold,GC=F
2024-03-06,2136.39990234375,2160.699951171875,2131.89990234375,2158.199951171875,,319763,,,2053.924981689453,2047.16,Gold,GC=F
2024-03-07,2156.699951171875,2172.199951171875,2151.699951171875,2165.199951171875,,267795,,,2059.599981689453,2049.0819970703124,Gold,GC=F
2024-03-08,2166.60009765625,2203.0,2161.199951171875,2185.5,,389682,,,2066.47998046875,2051.39599609375,Gold,GC=F
2024-03-11,2187.60009765625,2195.5,2180.89990234375,2188.60009765625,,242418,,,2073.974987792969,2053.30599609375,Gold,GC=F
2024-03-12,2189.10009765625,2190.800048828125,2156.199951171875,2166.10009765625,,316254,,,2080.629992675781,2054.957998046875,Gold,GC=F
2024-03-13,2163.60009765625,2185.60009765625,2161.300048828125,2180.800048828125,,232273,,,2089.3099975585938,2057.137998046875,Gold,GC=F
2024-03-14,2179.5,2181.300048828125,2157.0,2167.5,,207225,,,2097.4699951171874,2059.02,Gold,GC=F
2024-03-15,2166.199951171875,2176.89990234375,2158.699951171875,2161.5,,187847,,,2104.7999938964845,2061.3939990234376,Gold,GC=F
2024-03-18,2159.89990234375,2167.199951171875,2149.199951171875,2164.300048828125,,211858,,,2111.8099975585938,2063.68,Gold,GC=F
2024-03-19,2164.0,2166.300048828125,2150.199951171875,2159.699951171875,,178162,,,2117.8049926757812,2065.877998046875,Gold,GC=F
2024-03-20,2161.39990234375,2192.199951171875,2152.300048828125,2161.0,,233572,,,2124.139990234375,2068.427998046875,Gold,GC=F
2024-03-21,2190.199951171875,2225.300048828125,2168.199951171875,2184.699951171875,,391750,,,2131.839990234375,2071.4619970703125,Gold,GC=F
2024-03-22,2183.39990234375,2188.0,2158.39990234375,2160.0,,205808,,,2137.3699951171875,2074.10599609375,Gold,GC=F
2024-03-25,2166.60009765625,2182.5,2164.39990234375,2176.39990234375,,211610,,,2144.244989013672,2077.2499951171876,Gold,GC=F
2024-03-26,2173.0,2200.60009765625,2168.300048828125,2177.199951171875,,202373,,,2150.8999877929687,2079.7619921875,Gold,GC=F
2024-03-27,2179.39990234375,2196.199951171875,2172.10009765625,2190.60009765625,,31200,,,2158.2949951171877,2082.9699951171874,Gold,GC=F
2024-03-28,2193.60009765625,2234.10009765625,2187.10009765625,2217.39990234375,,250248,,,2166.4299926757812,2087.1879931640624,Gold,GC=F
2024-04-01,2259.199951171875,2286.39990234375,2249.10009765625,2257.10009765625,,220767,,,2174.5,2091.8979956054686,Gold,GC=F
2024-04-02,2272.699951171875,2301.89990234375,2267.10009765625,2281.800048828125,,277228,,,2182.275,2096.947995605469,Gold,GC=F
2024-04-03,2301.699951171875,2321.800048828125,2285.699951171875,2315.0,,254574,,,2190.9300048828127,2102.8039965820312,Gold,GC=F
2024-04-04,2321.0,2325.300048828125,2298.699951171875,2308.5,,236227,,,2198.4450073242188,2108.4579956054686,Gold,GC=F
2024-04-05,2309.5,2350.0,2286.199951171875,2345.39990234375,,293212,,,2207.4550048828123,2115.045993652344,Gold,GC=F
2024-04-08,2343.60009765625,2372.5,2321.699951171875,2351.0,,285570,,,2215.7300048828124,2121.7099926757815,Gold,GC=F
2024-04-09,2358.10009765625,2384.5,2355.699951171875,2362.39990234375,,279608,,,2224.4199951171877,2128.611989746094,Gold,GC=F
2024-04-10,2372.39990234375,2378.10009765625,2337.10009765625,2348.39990234375,,353847,,,2233.5349853515627,2135.0719873046874,Gold,GC=F
2024-04-11,2351.699951171875,2395.60009765625,2343.10009765625,2372.699951171875,,260415,,,2243.12998046875,2141.895986328125,Gold,GC=F
2024-04-12,2389.39990234375,2448.800048828125,2350.60009765625,2374.10009765625,,479894,,,2253.4599853515624,2148.409990234375,Gold,GC=F
2024-04-15,2369.39990234375,2404.300048828125,2340.199951171875,2383.0,,343730,,,2264.5349853515627,2154.64798828125,Gold,GC=F
2024-04-16,2399.10009765625,2414.800048828125,2379.199951171875,2407.800048828125,,297592,,,2276.7099853515624,2161.729990234375,Gold,GC=F
2024-04-17,2398.0,2412.0,2370.699951171875,2388.39990234375,,284352,,,2288.144982910156,2168.639987792969,Gold,GC=F
2024-04-18,2377.89990234375,2408.0,2377.199951171875,2398.0,,200546,,,2299.994982910156,2175.5719897460935,Gold,GC=F
2024-04-19,2394.0,2433.300048828125,2386.800048828125,2413.800048828125,,275405,,,2311.449987792969,2182.8139916992186,Gold,GC=F
2024-04-22,2403.699951171875,2404.300048828125,2338.199951171875,2346.39990234375,,262673,,,2320.769982910156,2188.7839892578127,Gold,GC=F
2024-04-23,2342.300048828125,2347.89990234375,2304.60009765625,2342.10009765625,,270225,,,2329.0549926757812,2194.8519921875,Gold,GC=F
2024-04-24,2335.699951171875,2350.89990234375,2324.800048828125,2338.39990234375,,187699,,,2337.114990234375,2200.959990234375,Gold,GC=F
2024-04-25,2327.39990234375,2357.60009765625,2316.39990234375,2342.5,,224471,,,2344.7099853515624,2207.6659912109376,Gold,GC=F
2024-04-26,2344.199951171875,2364.39990234375,2338.0,2347.199951171875,,171011,,,2351.199987792969,2214.5239892578124,Gold,GC=F
2024-04-29,2347.60009765625,2358.89990234375,2331.0,2357.699951171875,,187309,,,2356.22998046875,2221.3799877929687,Gold,GC=F
2024-04-30,2347.0,2347.60009765625,2296.199951171875,2302.89990234375,,229064,,,2357.2849731445312,2226.955986328125,Gold,GC=F
2024-05-01,2298.199951171875,2339.5,2291.699951171875,2311.0,,227384,,,2357.0849731445314,2232.3799853515625,Gold,GC=F
2024-05-02,2329.89990234375,2336.10009765625,2294.300048828125,2309.60009765625,,193658,,,2357.1399780273437,2237.885986328125,Gold,GC=F
2024-05-03,2313.5,2330.699951171875,2285.199951171875,2308.60009765625,,231400,,,2355.2999877929688,2243.4439892578125,Gold,GC=F
2024-05-06,2312.800048828125,2341.89990234375,2300.60009765625,2331.199951171875,,191895,,,2354.3099853515623,2249.079990234375,Gold,GC=F
2024-05-07,2334.800048828125,2338.699951171875,2318.199951171875,2324.199951171875,,204623,,,2352.3999877929687,2254.7859887695313,Gold,GC=F
2024-05-08,2322.0,2329.60009765625,2311.39990234375,2322.300048828125,,214693,,,2351.0949951171874,2260.349990234375,Gold,GC=F
2024-05-09,2316.5,2354.199951171875,2312.89990234375,2340.300048828125,,249092,,,2349.475,2266.3019921875,Gold,GC=F
2024-05-10,2353.5,2385.300048828125,2352.0,2375.0,,275241,,,2349.5199951171876,2272.7079931640624,Gold,GC=F
2024-05-13,2369.10009765625,2370.800048828125,2337.60009765625,2343.0,,243075,,,2347.5199951171876,2277.653994140625,Gold,GC=F
2024-05-14,2342.300048828125,2365.199951171875,2340.5,2359.89990234375,,192076,,,2345.1249877929686,2282.3259912109374,Gold,GC=F
2024-05-15,2362.89990234375,2396.10009765625,2357.10009765625,2394.89990234375,,249843,,,2345.449987792969,2287.3859912109374,Gold,GC=F
2024-05-16,2391.5,2402.699951171875,2375.199951171875,2385.5,,191026,,,2344.824987792969,2291.9319921875,Gold,GC=F
2024-05-17,2381.39990234375,2427.39990234375,2377.800048828125,2417.39990234375,,218553,,,2345.00498046875,2296.9759912109375,Gold,GC=F
2024-05-20,2422.199951171875,2454.199951171875,2411.10009765625,2438.5,,281430,,,2349.6099853515625,2302.0359912109375,Gold,GC=F
2024-05-21,2431.5,2438.199951171875,2408.5,2425.89990234375,,229421,,,2353.7999755859373,2306.7819873046874,Gold,GC=F
2024-05-22,2425.39990234375,2430.5,2378.0,2392.89990234375,,253852,,,2356.5249755859377,2311.3179833984377,Gold,GC=F
2024-05-23,2383.0,2385.699951171875,2328.10009765625,2337.199951171875,,273658,,,2356.259973144531,2314.4459814453126,Gold,GC=F
2024-05-24,2330.39990234375,2349.0,2326.300048828125,2334.5,,178343,,,2355.6249755859376,2317.7859814453127,Gold,GC=F
2024-05-28,2338.0,2365.5,2333.800048828125,2356.5,,316223,,,2355.564978027344,2321.6859814453123,Gold,GC=F
2024-05-29,2362.5,2363.699951171875,2334.199951171875,2341.199951171875,,119317,,,2357.47998046875,2325.2239794921875,Gold,GC=F
2024-05-30,2336.89990234375,2349.5,2320.800048828125,2342.89990234375,,32587,,,2359.0749755859374,2328.887978515625,Gold,GC=F
2024-05-31,2344.10009765625,2354.0,2319.0,2322.89990234375,,183406,,,2359.7399658203126,2332.1259765625,Gold,GC=F
2024-06-03,2348.0,2375.5,2334.800048828125,2369.300048828125,,173149,,,2362.7749633789062,2335.817978515625,Gold,GC=F
2024-06-04,2371.300048828125,2373.10009765625,2335.10009765625,2347.39990234375,,171547,,,2363.5849609375,2339.5659765625,Gold,GC=F
2024-06-05,2347.10009765625,2377.60009765625,2345.300048828125,2375.5,,171862,,,2366.1499633789062,2343.547978515625,Gold,GC=F
2024-06-06,2375.300048828125,2397.800048828125,2372.199951171875,2390.89990234375,,172202,,,2369.5799560546875,2347.8219775390626,Gold,GC=F
2024-06-07,2395.699951171875,2406.699951171875,2304.199951171875,2325.0,,314551,,,2368.8149536132814,2350.5099755859374,Gold,GC=F
2024-06-10,2311.0,2331.300048828125,2304.5,2327.0,,142888,,,2366.4149536132813,2352.7019775390627,Gold,GC=F
2024-06-11,2329.5,2337.300048828125,2314.5,2326.60009765625,,145501,,,2365.5949584960936,2354.0919775390626,Gold,GC=F
2024-06-12,2334.0,2358.800048828125,2327.199951171875,2354.800048828125,,241670,,,2365.3399658203125,2355.5519775390626,Gold,GC=F
2024-06-13,2340.89990234375,2342.39990234375,2310.89990234375,2318.0,,182657,,,2361.494970703125,2355.6119775390625,Gold,GC=F
2024-06-14,2319.60009765625,2352.300048828125,2316.699951171875,2349.10009765625,,163367,,,2359.6749755859373,2356.4239794921873,Gold,GC=F
2024-06-17,2348.5,2348.699951171875,2324.300048828125,2329.0,,122702,,,2355.25498046875,2356.0959814453126,Gold,GC=F
2024-06-18,2333.699951171875,2348.199951171875,2320.199951171875,2346.89990234375,,154251,,,2350.6749755859373,2356.0139794921874,Gold,GC=F
2024-06-20,2344.199951171875,2379.5,2338.5,2369.0,,252687,,,2347.82998046875,2356.1459814453124,Gold,GC=F
2024-06-21,2373.800048828125,2382.60009765625,2329.199951171875,2331.199951171875,,194824,,,2344.744982910156,2355.801982421875,Gold,GC=F
2024-06-24,2333.5,2347.5,2329.5,2344.39990234375,,117625,,,2345.10498046875,2355.2359814453125,Gold,GC=F
2024-06-25,2346.800048828125,2349.699951171875,2327.10009765625,2330.800048828125,,144271,,,2344.9199829101562,2354.36998046875,Gold,GC=F
2024-06-26,2331.800048828125,2335.800048828125,2304.699951171875,2313.199951171875,,191628,,,2342.75498046875,2352.9739794921875,Gold,GC=F
2024-06-27,2309.39990234375,2342.0,2306.800048828125,2336.60009765625,,140228,,,2342.5249877929687,2351.54998046875,Gold,GC=F
2024-06-28,2338.60009765625,2350.60009765625,2329.699951171875,2339.60009765625,,135383,,,2342.359997558594,2350.573984375,Gold,GC=F
2024-07-01,2336.199951171875,2348.800048828125,2328.199951171875,2338.89990234375,,142601,,,2343.1599975585937,2349.391982421875,Gold,GC=F
2024-07-02,2341.60009765625,2346.10009765625,2327.39990234375,2333.39990234375,,153709,,,2341.364990234375,2347.7839794921874,Gold,GC=F
2024-07-03,2338.60009765625,2374.5,2335.699951171875,2369.39990234375,,193642,,,2342.464990234375,2348.2439794921875,Gold,GC=F
2024-07-05,2365.800048828125,2401.5,2356.0,2397.699951171875,,293254,,,2343.574987792969,2349.3559765625,Gold,GC=F
2024-07-08,2396.199951171875,2399.300048828125,2358.300048828125,2363.5,,240781,,,2342.2049926757813,2349.857978515625,Gold,GC=F
2024-07-09,2366.5,2378.300048828125,2356.0,2367.89990234375,,252489,,,2344.349987792969,2350.3659765625,Gold,GC=F
2024-07-10,2371.0,2393.39990234375,2369.699951171875,2379.699951171875,,163900,,,2346.9849853515625,2351.0159765625,Gold,GC=F
2024-07-11,2377.39990234375,2430.39990234375,2376.800048828125,2421.89990234375,,303520,,,2351.7499755859376,2352.2999755859373,Gold,GC=F
2024-07-12,2421.0,2423.199951171875,2396.10009765625,2420.699951171875,,220933,,,2355.044970703125,2354.6559765625,Gold,GC=F
2024-07-15,2419.300048828125,2445.0,2406.10009765625,2428.89990234375,,193535,,,2360.5899658203125,2357.013974609375,Gold,GC=F
2024-07-16,2427.10009765625,2474.5,2424.5,2467.800048828125,,246085,,,2366.5249633789062,2360.1779736328126,Gold,GC=F
2024-07-17,2473.199951171875,2488.39990234375,2455.5,2459.89990234375,,259540,,,2373.069958496094,2363.2039697265627,Gold,GC=F
2024-07-18,2462.5,2478.5,2442.89990234375,2456.39990234375,,192770,,,2378.544958496094,2365.70796875,Gold,GC=F
2024-07-19,2448.0,2448.39990234375,2395.699951171875,2399.10009765625,,254408,,,2380.0499633789063,2367.2059716796875,Gold,GC=F
2024-07-22,2403.699951171875,2414.39990234375,2385.199951171875,2394.699951171875,,197562,,,2383.224963378906,2368.6539697265625,Gold,GC=F
2024-07-23,2398.0,2413.5,2389.199951171875,2407.300048828125,,171191,,,2386.369970703125,2369.9939697265627,Gold,GC=F
2024-07-24,2410.699951171875,2433.0,2397.0,2415.699951171875,,245884,,,2390.6149658203126,2370.80796875,Gold,GC=F
2024-07-25,2398.10009765625,2400.800048828125,2351.89990234375,2353.5,,294897,,,2392.6299682617187,2371.01796875,Gold,GC=F
2024-07-26,2363.800048828125,2389.699951171875,2354.60009765625,2381.0,,154523,,,2394.849963378906,2371.439970703125,Gold,GC=F
2024-07-29,2386.89990234375,2402.10009765625,2367.300048828125,2377.800048828125,,126409,,,2396.7599609375,2371.0979736328127,Gold,GC=F
2024-07-30,2380.89990234375,2409.300048828125,2373.800048828125,2405.0,,25944,,,2400.0649658203124,2371.4879736328126,Gold,GC=F
2024-07-31,2407.10009765625,2447.60009765625,2402.800048828125,2426.5,,176268,,,2404.719970703125,2371.6699755859377,Gold,GC=F
2024-08-01,2493.39990234375,2506.60009765625,2474.0,2480.800048828125,,219834,,,2410.2899780273438,2372.5159765625,Gold,GC=F
2024-08-02,2490.800048828125,2522.5,2453.10009765625,2469.800048828125,,309937,,,2413.894982910156,2373.3939794921876,Gold,GC=F
2024-08-05,2490.300048828125,2500.800048828125,2403.800048828125,2444.39990234375,,352229,,,2417.939978027344,2374.4239794921873,Gold,GC=F
2024-08-06,2451.699951171875,2459.5,2421.800048828125,2431.60009765625,,186107,,,2421.1249877929686,2376.311982421875,Gold,GC=F
2024-08-07,2432.60009765625,2447.300048828125,2418.800048828125,2432.39990234375,,166078,,,2423.7599853515626,2378.26998046875,Gold,GC=F
2024-08-08,2422.800048828125,2467.89990234375,2420.199951171875,2463.300048828125,,178509,,,2425.8299926757813,2380.4059814453126,Gold,GC=F
2024-08-09,2467.300048828125,2476.5,2456.10009765625,2473.39990234375,,152173,,,2428.464990234375,2383.04998046875,Gold,GC=F
2024-08-12,2470.10009765625,2513.39990234375,2462.699951171875,2504.0,,171204,,,2432.2199951171874,2386.271982421875,Gold,GC=F
2024-08-13,2512.60009765625,2517.300048828125,2498.199951171875,2507.800048828125,,155078,,,2434.2199951171874,2389.9699853515626,Gold,GC=F
2024-08-14,2506.300048828125,2519.699951171875,2476.199951171875,2479.699951171875,,187384,,,2435.209997558594,2392.1779833984374,Gold,GC=F
2024-08-15,2486.199951171875,2508.0,2469.199951171875,2492.39990234375,,169322,,,2437.0099975585936,2395.0779833984375,Gold,GC=F
2024-08-16,2494.39990234375,2548.300048828125,2488.199951171875,2537.800048828125,,223934,,,2443.9449951171873,2398.323984375,Gold,GC=F
2024-08-19,2549.699951171875,2549.89990234375,2523.699951171875,2541.300048828125,,155994,,,2451.275,2401.3319873046876,Gold,GC=F
2024-08-20,2542.39990234375,2570.39990234375,2535.10009765625,2550.60009765625,,191196,,,2458.4400024414062,2405.8439892578126,Gold,GC=F
2024-08-21,2552.199951171875,2558.0,2528.199951171875,2547.5,,148894,,,2465.0300048828126,2410.2539892578125,Gold,GC=F
2024-08-22,2549.89990234375,2551.39990234375,2506.39990234375,2516.699951171875,,177369,,,2473.1900024414062,2414.055986328125,Gold,GC=F
2024-08-23,2521.10009765625,2554.5,2519.800048828125,2546.300048828125,,164613,,,2481.4550048828123,2417.885986328125,Gold,GC=F
2024-08-26,2545.10009765625,2563.199951171875,2544.0,2555.199951171875,,127485,,,2490.325,2422.6299853515625,Gold,GC=F
2024-08-27,2553.800048828125,2561.39990234375,2538.5,2552.89990234375,,146222,,,2497.7199951171874,2426.7059814453123,Gold,GC=F
2024-08-28,2559.800048828125,2564.300048828125,2527.800048828125,2537.800048828125,,165123,,,2503.2849975585937,2430.881982421875,Gold,GC=F
2024-08-29,2539.199951171875,2562.199951171875,2536.5,2560.300048828125,,159965,,,2507.2599975585936,2435.1499853515625,Gold,GC=F
2024-08-30,2553.60009765625,2560.10009765625,2526.60009765625,2527.60009765625,,175644,,,2510.15,2438.3219873046874,Gold,GC=F
2024-09-03,2536.0,2539.5,2504.39990234375,2523.0,,273539,,,2514.0800048828123,2442.15798828125,Gold,GC=F
2024-09-04,2524.60009765625,2531.5,2502.699951171875,2526.0,,167957,,,2518.8,2445.789990234375,Gold,GC=F
2024-09-05,2526.39990234375,2554.0,2523.699951171875,2543.10009765625,,152709,,,2524.335009765625,2450.0359912109375,Gold,GC=F
2024-09-06,2547.10009765625,2559.800048828125,2513.89990234375,2524.60009765625,,228117,,,2527.400012207031,2454.263994140625,Gold,GC=F
2024-09-09,2526.5,2536.5,2514.199951171875,2532.699951171875,,140583,,,2530.3650146484374,2458.1859912109376,Gold,GC=F
2024-09-10,2536.0,2547.5,2528.89990234375,2543.10009765625,,156108,,,2532.32001953125,2462.2559912109373,Gold,GC=F
2024-09-11,2545.699951171875,2558.0,2529.0,2542.39990234375,,194085,,,2534.050012207031,2466.3259912109374,Gold,GC=F
2024-09-12,2540.60009765625,2588.5,2538.699951171875,2580.60009765625,,233679,,,2539.09501953125,2471.2699951171876,Gold,GC=F
2024-09-13,2587.5,2614.60009765625,2585.0,2610.699951171875,,174674,,,2545.0100219726564,2476.09599609375,Gold,GC=F
2024-09-16,2608.0,2617.39990234375,2602.5,2608.89990234375,,127576,,,2548.5650146484377,2480.3199951171873,Gold,GC=F
2024-09-17,2609.800048828125,2613.699951171875,2587.300048828125,2592.39990234375,,159525,,,2551.120007324219,2484.8979931640624,Gold,GC=F
2024-09-18,2596.0,2627.199951171875,2572.5,2598.60009765625,,233128,,,2553.5200073242186,2489.5119970703126,Gold,GC=F
2024-09-19,2585.10009765625,2620.5,2575.300048828125,2614.60009765625,,204475,,,2556.8750122070314,2494.21,Gold,GC=F
2024-09-20,2611.199951171875,2651.0,2608.699951171875,2646.199951171875,,207209,,,2563.3500122070313,2498.6960009765626,Gold,GC=F
2024-09-23,2646.199951171875,2659.800048828125,2638.60009765625,2652.5,,170494,,,2568.660009765625,2503.332001953125,Gold,GC=F
2024-09-24,2653.300048828125,2689.39990234375,2647.10009765625,2677.0,,216553,,,2574.7500122070314,2508.29400390625,Gold,GC=F
2024-09-25,2682.800048828125,2694.89990234375,2673.39990234375,2684.699951171875,,189943,,,2581.3400146484373,2512.632001953125,Gold,GC=F
2024-09-26,2681.199951171875,2708.699951171875,2677.5,2694.89990234375,,217643,,,2589.1950073242188,2517.332001953125,Gold,GC=F
2024-09-27,2695.10009765625,2696.89990234375,2665.300048828125,2668.10009765625,,196732,,,2594.585009765625,2521.566005859375,Gold,GC=F
2024-09-30,2680.5,2687.699951171875,2646.199951171875,2659.39990234375,,173252,,,2601.175,2526.772001953125,Gold,GC=F
2024-10-01,2656.10009765625,2694.699951171875,2653.800048828125,2690.300048828125,,202756,,,2609.540002441406,2532.68400390625,Gold,GC=F
2024-10-02,2684.60009765625,2684.800048828125,2662.10009765625,2669.699951171875,,128680,,,2616.725,2537.932001953125,Gold,GC=F
2024-10-03,2679.89990234375,2683.39990234375,2657.800048828125,2679.199951171875,,138551,,,2623.529992675781,2543.202001953125,Gold,GC=F
2024-10-04,2675.699951171875,2690.60009765625,2651.60009765625,2667.800048828125,,192656,,,2630.689990234375,2549.4880029296874,Gold,GC=F
2024-10-07,2671.699951171875,2679.199951171875,2657.300048828125,2666.0,,130705,,,2637.3549926757814,2555.1880029296876,Gold,GC=F
2024-10-08,2662.800048828125,2672.39990234375,2623.39990234375,2635.39990234375,,233849,,,2641.9699829101564,2560.34,Gold,GC=F
2024-10-09,2640.699951171875,2642.89990234375,2622.800048828125,2626.0,,143000,,,2646.1499877929687,2564.76,Gold,GC=F
2024-10-10,2625.800048828125,2648.89990234375,2618.800048828125,2639.300048828125,,195581,,,2649.0849853515624,2569.0160009765623,Gold,GC=F
2024-10-11,2647.39990234375,2679.0,2645.300048828125,2676.300048828125,,168597,,,2652.364990234375,2572.9260009765626,Gold,GC=F
2024-10-14,2673.10009765625,2684.199951171875,2660.0,2665.60009765625,,123361,,,2655.2,2576.842001953125,Gold,GC=F
2024-10-15,2663.5,2685.89990234375,2654.39990234375,2678.89990234375,,160564,,,2659.525,2581.532001953125,Gold,GC=F
2024-10-16,2679.5,2702.5,2674.89990234375,2691.300048828125,,156877,,,2664.1599975585937,2586.7260009765623,Gold,GC=F
2024-10-17,2690.39990234375,2712.699951171875,2688.199951171875,2707.5,,181816,,,2668.8049926757812,2592.2280029296876,Gold,GC=F
2024-10-18,2707.800048828125,2737.800048828125,2707.300048828125,2730.0,,178959,,,2672.9949951171875,2597.562001953125,Gold,GC=F
2024-10-21,2736.300048828125,2755.39990234375,2728.5,2738.89990234375,,210450,,,2677.314990234375,2602.872001953125,Gold,GC=F
2024-10-22,2734.699951171875,2763.300048828125,2733.5,2759.800048828125,,173695,,,2681.4549926757813,2607.9880029296874,Gold,GC=F
2024-10-23,2762.60009765625,2772.60009765625,2722.10009765625,2729.39990234375,,214515,,,2683.689990234375,2612.42,Gold,GC=F
2024-10-24,2729.199951171875,2756.300048828125,2728.699951171875,2748.89990234375,,175872,,,2686.389990234375,2617.8039990234374,Gold,GC=F
2024-10-25,2748.60009765625,2760.89990234375,2729.10009765625,2754.60009765625,,153487,,,2690.714990234375,2623.0480029296873,Gold,GC=F
2024-10-28,2749.199951171875,2758.300048828125,2736.89990234375,2755.89990234375,,161907,,,2695.539990234375,2627.41,Gold,GC=F
2024-10-29,2754.300048828125,2787.699951171875,2752.0,2781.10009765625,,207424,,,2700.0799926757813,2632.2060009765623,Gold,GC=F
2024-10-30,2786.89990234375,2801.800048828125,2782.39990234375,2800.800048828125,,191549,,,2706.6349975585936,2637.21,Gold,GC=F
2024-10-31,2799.10009765625,2801.199951171875,2741.800048828125,2749.300048828125,,242571,,,2710.140002441406,2641.2460009765623,Gold,GC=F
2024-11-01,2754.0,2772.39990234375,2742.60009765625,2749.199951171875,,180660,,,2714.209997558594,2645.8960009765624,Gold,GC=F
2024-11-04,2743.5,2757.5,2739.39990234375,2746.199951171875,,145248,,,2718.2199951171874,2649.8939990234376,Gold,GC=F
2024-11-05,2746.0,2759.5,2733.39990234375,2749.699951171875,,151434,,,2723.9349975585938,2653.7839990234374,Gold,GC=F
2024-11-06,2752.60009765625,2758.800048828125,2660.699951171875,2676.300048828125,,361313,,,2726.45,2656.252001953125,Gold,GC=F
2024-11-07,2667.699951171875,2718.300048828125,2650.300048828125,2705.800048828125,,292924,,,2729.775,2659.612001953125,Gold,GC=F
2024-11-08,2713.60009765625,2717.800048828125,2687.300048828125,2694.800048828125,,233110,,,2730.7,2662.302001953125,Gold,GC=F
2024-11-11,2692.10009765625,2693.39990234375,2617.10009765625,2617.699951171875,,281919,,,2728.3049926757812,2664.1039990234376,Gold,GC=F
2024-11-12,2625.699951171875,2633.39990234375,2595.699951171875,2606.300048828125,,282766,,,2724.675,2665.77,Gold,GC=F
2024-11-13,2604.699951171875,2625.0,2578.10009765625,2586.5,,262752,,,2719.4349975585938,2666.98,Gold,GC=F
2024-11-14,2578.10009765625,2585.800048828125,2541.5,2572.89990234375,,266162,,,2712.7049926757813,2667.57599609375,Gold,GC=F
2024-11-15,2570.39990234375,2580.800048828125,2558.89990234375,2570.10009765625,,179892,,,2704.709997558594,2668.48599609375,Gold,GC=F
2024-11-18,2571.5,2619.5,2568.5,2614.60009765625,,195294,,,2698.495007324219,2670.1239990234376,Gold,GC=F
2024-11-19,2616.300048828125,2643.39990234375,2614.199951171875,2631.0,,202241,,,2692.0550048828127,2671.8819970703125,Gold,GC=F
2024-11-20,2635.800048828125,2659.0,2621.89990234375,2651.699951171875,,182012,,,2688.1700073242187,2674.067998046875,Gold,GC=F
2024-11-21,2653.5,2676.5,2651.60009765625,2674.89990234375,,186297,,,2684.470007324219,2675.953994140625,Gold,GC=F
2024-11-22,2672.0,2718.5,2670.10009765625,2712.199951171875,,220554,,,2682.35,2677.983994140625,Gold,GC=F
2024-11-25,2716.89990234375,2723.199951171875,2616.60009765625,2618.5,,305339,,,2675.4800048828124,2678.17599609375,Gold,GC=F
2024-11-26,2626.199951171875,2642.699951171875,2605.300048828125,2621.300048828125,,177858,,,2667.4900024414064,2678.7539990234377,Gold,GC=F
2024-11-27,2633.5,2657.89990234375,2627.199951171875,2639.89990234375,,61653,,,2659.4449951171873,2679.5799951171875,Gold,GC=F
2024-11-29,2636.39990234375,2664.300048828125,2620.699951171875,2657.0,,180756,,,2654.8299926757813,2680.4279931640626,Gold,GC=F
2024-12-02,2673.800048828125,2678.5,2644.5,2658.5,,163543,,,2650.2949951171877,2680.673994140625,Gold,GC=F
2024-12-03,2662.0,2678.39990234375,2656.60009765625,2667.89990234375,,140965,,,2646.379992675781,2680.9819921875,Gold,GC=F
2024-12-04,2665.800048828125,2682.0,2654.199951171875,2676.199951171875,,171792,,,2642.7049926757813,2680.9659912109373,Gold,GC=F
2024-12-05,2674.199951171875,2680.0,2646.300048828125,2648.39990234375,,156116,,,2641.3099853515623,2680.239990234375,Gold,GC=F
2024-12-06,2655.0,2667.89990234375,2635.60009765625,2659.60009765625,,167166,,,2638.9999877929686,2679.533994140625,Gold,GC=F
2024-12-09,2665.0,2700.0,2649.699951171875,2685.800048828125,,182150,,,2638.5499877929688,2679.8879931640627,Gold,GC=F
2024-12-10,2684.39990234375,2721.699951171875,2680.699951171875,2718.39990234375,,181509,,,2643.5849853515624,2681.0679931640625,Gold,GC=F
2024-12-11,2721.199951171875,2759.699951171875,2719.10009765625,2756.699951171875,,264985,,,2651.10498046875,2682.3959912109376,Gold,GC=F
2024-12-12,2753.60009765625,2761.300048828125,2696.699951171875,2709.39990234375,,219468,,,2657.2499755859376,2683.189990234375,Gold,GC=F
2024-12-13,2704.89990234375,2716.39990234375,2663.300048828125,2675.800048828125,,178685,,,2662.394982910156,2683.1219921875,Gold,GC=F
2024-12-16,2668.0,2683.39990234375,2661.39990234375,2670.0,,115996,,,2667.3899780273437,2683.1659912109376,Gold,GC=F
2024-12-17,2670.199951171875,2675.800048828125,2646.10009765625,2662.0,,147053,,,2669.759973144531,2683.0859912109377,Gold,GC=F
2024-12-18,2663.300048828125,2667.60009765625,2598.10009765625,2653.300048828125,,156334,,,2670.8749755859376,2683.443994140625,Gold,GC=F
2024-12-19,2600.60009765625,2640.89990234375,2596.699951171875,2608.10009765625,,191587,,,2668.6949829101563,2683.08599609375,Gold,GC=F
2024-12-20,2609.699951171875,2653.800048828125,2603.699951171875,2645.10009765625,,153567,,,2667.2049926757813,2683.2019970703127,Gold,GC=F
2024-12-23,2639.10009765625,2646.800048828125,2623.199951171875,2628.199951171875,,105131,,,2663.004992675781,2682.2399951171874,Gold,GC=F
2024-12-24,2629.39990234375,2635.800048828125,2624.199951171875,2635.5,,53366,,,2663.8549926757814,2681.6379931640627,Gold,GC=F
2024-12-26,2638.0,2655.699951171875,2634.10009765625,2653.89990234375,,79265,,,2665.4849853515625,2681.1379931640627,Gold,GC=F
2024-12-27,2653.699951171875,2654.60009765625,2625.199951171875,2631.89990234375,,93897,,,2665.0849853515624,2679.949990234375,Gold,GC=F
2024-12-30,2636.10009765625,2640.699951171875,2608.39990234375,2618.10009765625,,110915,,,2663.139990234375,2678.1619921875,Gold,GC=F
2024-12-31,2620.0,2642.0,2614.300048828125,2641.0,,86292,,,2662.264990234375,2676.3819921875,Gold,GC=F
2025-01-02,2641.0,2674.199951171875,2636.10009765625,2669.0,,144517,,,2662.3199951171873,2674.983994140625,Gold,GC=F
2025-01-03,2671.10009765625,2681.0,2649.699951171875,2654.699951171875,,121173,,,2661.2449951171875,2672.8819921875,Gold,GC=F
2025-01-06,2652.800048828125,2663.800048828125,2624.60009765625,2647.39990234375,,169923,,,2661.1949951171873,2671.2419921875,Gold,GC=F
2025-01-07,2647.10009765625,2678.5,2643.5,2665.39990234375,,161617,,,2661.4849853515625,2669.5719921875,Gold,GC=F
2025-01-08,2662.89990234375,2687.0,2658.39990234375,2672.39990234375,,197370,,,2660.814978027344,2667.92798828125,Gold,GC=F
2025-01-09,2679.89990234375,2696.800048828125,2673.699951171875,2690.800048828125,,156645,,,2659.4349853515623,2666.6259912109376,Gold,GC=F
2025-01-10,2692.89990234375,2735.0,2686.89990234375,2715.0,,298408,,,2657.349987792969,2665.3039892578126,Gold,GC=F
2025-01-13,2716.800048828125,2723.800048828125,2675.199951171875,2678.60009765625,,211094,,,2655.8099975585938,2662.859990234375,Gold,GC=F
2025-01-14,2682.0,2693.699951171875,2672.0,2682.300048828125,,179414,,,2656.1349975585936,2661.519990234375,Gold,GC=F
2025-01-15,2693.300048828125,2722.699951171875,2685.39990234375,2717.800048828125,,193720,,,2658.525,2660.8919921875,Gold,GC=F
2025-01-16,2722.300048828125,2757.89990234375,2720.39990234375,2750.89990234375,,186543,,,2662.9699951171874,2660.9859912109373,Gold,GC=F
2025-01-17,2746.800048828125,2759.199951171875,2729.199951171875,2748.699951171875,,156868,,,2667.739990234375,2660.9659912109373,Gold,GC=F
2025-01-21,2739.60009765625,2762.0,2715.60009765625,2759.199951171875,,294121,,,2675.2949829101562,2662.6239892578124,Gold,GC=F
2025-01-22,2758.699951171875,2774.39990234375,2756.199951171875,2770.89990234375,,158141,,,2681.5849731445314,2663.925986328125,Gold,GC=F
2025-01-23,2765.89990234375,2767.10009765625,2741.0,2765.0,,194742,,,2688.4249755859373,2665.3299853515623,Gold,GC=F
2025-01-24,2761.800048828125,2794.800048828125,2761.0,2778.89990234375,,199562,,,2695.594970703125,2668.553984375,Gold,GC=F
2025-01-27,2778.10009765625,2778.10009765625,2732.0,2738.39990234375,,215514,,,2699.819970703125,2671.1959814453126,Gold,GC=F
2025-01-28,2742.39990234375,2774.0,2737.39990234375,2767.5,,171359,,,2706.5999755859375,2674.8159814453124,Gold,GC=F
2025-01-29,2771.60009765625,2778.10009765625,2761.0,2769.800048828125,,125692,,,2714.1849731445313,2678.753984375,Gold,GC=F
2025-01-30,2772.5,2829.5,2770.0,2823.0,,40141,,,2723.2849731445312,2683.811982421875,Gold,GC=F
2025-01-31,2829.0,2838.0,2804.0,2812.5,,165676,,,2730.4599731445314,2687.76998046875,Gold,GC=F
2025-02-03,2846.5,2872.0,2802.199951171875,2857.10009765625,,181344,,,2740.57998046875,2692.291982421875,Gold,GC=F
2025-02-04,2850.39990234375,2877.10009765625,2837.39990234375,2875.800048828125,,145862,,,2751.9999877929686,2696.773984375,Gold,GC=F
2025-02-05,2873.699951171875,2906.0,2870.10009765625,2893.0,,167383,,,2763.379992675781,2701.135986328125,Gold,GC=F
2025-02-06,2885.0,2894.199951171875,2855.0,2876.699951171875,,167701,,,2773.5949951171874,2704.425986328125,Gold,GC=F
2025-02-07,2880.199951171875,2910.60009765625,2876.10009765625,2887.60009765625,,192551,,,2783.4349975585938,2709.80798828125,Gold,GC=F
2025-02-10,2884.800048828125,2938.10009765625,2879.89990234375,2934.39990234375,,167232,,,2794.404992675781,2716.0699853515625,Gold,GC=F
2025-02-11,2937.0,2968.5,2907.0,2932.60009765625,,218478,,,2807.1049926757814,2721.9239892578125,Gold,GC=F
2025-02-12,2927.0,2936.5,2886.5,2928.699951171875,,204625,,,2819.4249877929688,2727.35798828125,Gold,GC=F
2025-02-13,2928.800048828125,2958.800048828125,2925.800048828125,2945.39990234375,,169496,,,2830.80498046875,2733.095986328125,Gold,GC=F
2025-02-14,2957.300048828125,2964.10009765625,2889.89990234375,2900.699951171875,,228078,,,2838.2949829101562,2737.7519873046876,Gold,GC=F
2025-02-18,2895.10009765625,2956.5,2887.60009765625,2949.0,,218757,,,2848.3099853515623,2743.20798828125,Gold,GC=F
2025-02-19,2954.10009765625,2964.39990234375,2933.699951171875,2936.10009765625,,159341,,,2857.154992675781,2748.9619921875,Gold,GC=F
2025-02-20,2949.5,2973.39990234375,2939.300048828125,2956.10009765625,,172197,,,2866.415002441406,2754.8919921875,Gold,GC=F
2025-02-21,2955.699951171875,2964.699951171875,2930.10009765625,2953.199951171875,,163686,,,2875.825,2760.239990234375,Gold,GC=F
2025-02-24,2950.39990234375,2974.0,2936.800048828125,2963.199951171875,,162775,,,2885.040002441406,2765.1359912109374,Gold,GC=F
2025-02-25,2968.5,2970.39990234375,2897.0,2918.800048828125,,234850,,,2894.060009765625,2768.3779931640624,Gold,GC=F
2025-02-26,2929.0,2942.0,2903.300048828125,2930.60009765625,,163371,,,2902.2150146484373,2772.8019970703126,Gold,GC=F
2025-02-27,2931.39990234375,2935.800048828125,2879.0,2895.89990234375,,207650,,,2908.5200073242186,2777.203994140625,Gold,GC=F
2025-02-28,2889.0,2896.10009765625,2844.10009765625,2848.5,,210560,,,2909.7950073242187,2780.773994140625,Gold,GC=F
2025-03-03,2872.0,2906.39990234375,2866.300048828125,2901.10009765625,,177018,,,2914.2250122070313,2785.55599609375,Gold,GC=F
2025-03-04,2904.199951171875,2939.800048828125,2892.5,2920.60009765625,,188515,,,2917.400012207031,2790.9019970703125,Gold,GC=F
2025-03-05,2929.0,2941.300048828125,2903.39990234375,2926.0,,183016,,,2919.910009765625,2797.2599951171874,Gold,GC=F
2025-03-06,2929.5,2935.89990234375,2897.60009765625,2926.60009765625,,166364,,,2921.5900146484373,2802.8899951171875,Gold,GC=F
2025-03-07,2919.199951171875,2938.800048828125,2905.300048828125,2914.10009765625,,237577,,,2923.4600219726562,2808.607998046875,Gold,GC=F
2025-03-10,2919.60009765625,2926.39990234375,2885.199951171875,2899.39990234375,,221609,,,2924.050012207031,2813.88599609375,Gold,GC=F
2025-03-11,2893.199951171875,2929.0,2882.5,2920.89990234375,,194119,,,2923.3750122070314,2819.22599609375,Gold,GC=F
2025-03-12,2922.300048828125,2948.89990234375,2911.0,2946.800048828125,,209823,,,2924.085009765625,2825.5239990234377,Gold,GC=F
2025-03-13,2943.300048828125,3001.5,2942.199951171875,2991.300048828125,,256564,,,2927.2150146484373,2832.987998046875,Gold,GC=F
2025-03-14,3001.39990234375,3017.10009765625,2988.60009765625,3001.10009765625,,181492,,,2930.0000244140624,2840.19,Gold,GC=F
2025-03-17,2994.800048828125,3010.89990234375,2991.39990234375,3006.10009765625,,142155,,,2935.2700317382814,2846.932001953125,Gold,GC=F
2025-03-18,3009.39990234375,3047.5,3008.199951171875,3040.800048828125,,177098,,,2939.8600341796873,2854.65400390625,Gold,GC=F
2025-03-19,3041.39990234375,3061.60009765625,3031.300048828125,3041.199951171875,,145404,,,2945.115026855469,2862.5300048828126,Gold,GC=F
2025-03-20,3058.0,3065.199951171875,3032.800048828125,3043.800048828125,,141231,,,2949.5000244140624,2870.0980078125,Gold,GC=F
2025-03-21,3052.60009765625,3055.0,3004.10009765625,3021.39990234375,,190470,,,2952.910021972656,2877.0780078125,Gold,GC=F
2025-03-24,3027.60009765625,3038.39990234375,3007.699951171875,3015.60009765625,,202822,,,2955.530029296875,2883.5740087890626,Gold,GC=F
2025-03-25,3017.5,3042.39990234375,3010.800048828125,3025.89990234375,,172592,,,2960.8850219726564,2889.7920068359376,Gold,GC=F
2025-03-26,3025.800048828125,3036.10009765625,3017.800048828125,3022.5,,172002,,,2965.480017089844,2896.6700048828125,Gold,GC=F
2025-03-27,3025.60009765625,3071.300048828125,3022.300048828125,3061.0,,124359,,,2973.7350219726563,2904.24400390625,Gold,GC=F
2025-03-28,3069.699951171875,3094.89990234375,3066.800048828125,3086.5,,31206,,,2985.6350219726564,2911.6180029296875,Gold,GC=F
2025-03-31,3091.0,3132.5,3086.0,3122.800048828125,,228393,,,2996.72001953125,2919.056005859375,Gold,GC=F
2025-04-01,3157.300048828125,3177.0,3130.5,3146.0,,197314,,,3007.9900146484374,2927.0020068359377,Gold,GC=F
2025-04-02,3147.5,3201.60009765625,3135.699951171875,3166.199951171875,,223124,,,3020.0000122070314,2935.1420068359375,Gold,GC=F
2025-04-03,3196.60009765625,3196.60009765625,3073.5,3121.699951171875,,382860,,,3029.7550048828125,2942.1580078125,Gold,GC=F
2025-04-04,3138.0,3160.199951171875,3032.699951171875,3035.39990234375,,341150,,,3035.8199951171873,2947.566005859375,Gold,GC=F
2025-04-07,3055.10009765625,3084.39990234375,2970.39990234375,2973.60009765625,,328515,,,3039.5300048828126,2951.460009765625,Gold,GC=F
2025-04-08,2997.5,3037.89990234375,2988.60009765625,2990.199951171875,,197577,,,3042.995007324219,2956.4960107421875,Gold,GC=F
2025-04-09,2998.300048828125,3118.5,2983.300048828125,3079.39990234375,,298325,,,3049.625,2962.7340087890625,Gold,GC=F
2025-04-10,3099.10009765625,3195.0,3086.10009765625,3177.5,,234973,,,3058.9349975585938,2970.8880078125,Gold,GC=F
2025-04-11,3194.199951171875,3263.0,3193.39990234375,3244.60009765625,,247317,,,3071.109997558594,2979.320009765625,Gold,GC=F
2025-04-14,3246.0,3261.60009765625,3208.699951171875,3226.300048828125,,189619,,,3082.1199951171875,2987.5960107421874,Gold,GC=F
2025-04-15,3226.10009765625,3250.89990234375,3225.5,3240.39990234375,,123474,,,3092.099987792969,2995.2620068359374,Gold,GC=F
2025-04-16,3248.39990234375,3358.39990234375,3245.199951171875,3346.39990234375,,258376,,,3107.3599853515625,3004.67400390625,Gold,GC=F
2025-04-17,3357.5,3371.89990234375,3296.39990234375,3328.39990234375,,242065,,,3121.589978027344,3013.382001953125,Gold,GC=F
2025-04-21,3347.0,3442.300048828125,3344.0,3425.300048828125,,243457,,,3141.7849853515627,3024.35400390625,Gold,GC=F
2025-04-22,3435.10009765625,3509.89990234375,3379.10009765625,3419.39990234375,,423078,,,3161.9749755859375,3034.99,Gold,GC=F
2025-04-23,3367.699951171875,3396.0,3270.800048828125,3294.10009765625,,377411,,,3175.3849853515626,3042.18400390625,Gold,GC=F
2025-04-24,3301.800048828125,3377.0,3301.300048828125,3348.60009765625,,239603,,,3191.689990234375,3050.50400390625,Gold,GC=F
2025-04-25,3362.0,3384.10009765625,3274.800048828125,3298.39990234375,,241249,,,3203.5599853515623,3057.8980029296877,Gold,GC=F
2025-04-28,3336.5,3363.800048828125,3278.0,3347.699951171875,,217995,,,3216.619982910156,3065.94400390625,Gold,GC=F
2025-04-29,3354.89990234375,3359.300048828125,3309.199951171875,3333.60009765625,,170152,,,3227.1599853515627,3074.6020068359376,Gold,GC=F
2025-04-30,3324.5,3337.60009765625,3275.60009765625,3319.10009765625,,207722,,,3235.814990234375,3082.0040087890625,Gold,GC=F
2025-05-01,3299.0,3300.60009765625,3209.39990234375,3222.199951171875,,214691,,,3238.614990234375,3087.726005859375,Gold,GC=F
2025-05-02,3247.60009765625,3277.0,3229.5,3243.300048828125,,210994,,,3244.6949951171873,3093.4700048828126,Gold,GC=F
2025-05-05,3247.10009765625,3346.699951171875,3243.10009765625,3322.300048828125,,184904,,,3259.040002441406,3100.8520068359376,Gold,GC=F
2025-05-06,3345.699951171875,3444.5,3332.10009765625,3422.800048828125,,268098,,,3281.5,3110.0440087890624,Gold,GC=F
2025-05-07,3448.10009765625,3448.199951171875,3367.0,3391.89990234375,,304244,,,3301.584997558594,3119.506005859375,Gold,GC=F
2025-05-08,3373.10009765625,3422.0,3293.300048828125,3306.0,,327126,,,3312.915002441406,3127.01400390625,Gold,GC=F
2025-05-09,3310.199951171875,3352.699951171875,3278.89990234375,3344.0,,232464,,,3321.2400024414064,3135.976005859375,Gold,GC=F
2025-05-12,3281.0,3295.5,3211.199951171875,3228.0,,308534,,,3320.4099975585937,3143.566005859375,Gold,GC=F
2025-05-13,3240.699951171875,3270.39990234375,3220.10009765625,3247.800048828125,,214423,,,3321.484997558594,3150.5000048828124,Gold,GC=F
2025-05-14,3254.10009765625,3261.300048828125,3170.699951171875,3188.300048828125,,233929,,,3318.8800048828125,3155.85400390625,Gold,GC=F
2025-05-15,3180.800048828125,3244.300048828125,3123.300048828125,3226.60009765625,,253064,,,3312.8900146484375,3161.866005859375,Gold,GC=F
2025-05-16,3243.5,3255.800048828125,3156.39990234375,3187.199951171875,,245486,,,3305.8300170898438,3167.0780029296875,Gold,GC=F
2025-05-19,3220.0,3252.89990234375,3209.10009765625,3233.5,,185135,,,3296.2400146484374,3173.4660009765626,Gold,GC=F
2025-05-20,3233.0,3298.5,3207.39990234375,3284.60009765625,,224088,,,3289.5000244140624,3181.1700048828125,Gold,GC=F
2025-05-21,3293.0,3327.199951171875,3287.0,3313.5,,229503,,,3290.47001953125,3189.0220068359376,Gold,GC=F
2025-05-22,3318.0,3346.800048828125,3277.800048828125,3295.0,,234658,,,3287.7900146484376,3195.986005859375,Gold,GC=F
2025-05-23,3295.10009765625,3366.5,3285.5,3365.800048828125,,247200,,,3291.160021972656,3203.476005859375,Gold,GC=F
2025-05-27,3355.60009765625,3356.0,3283.0,3300.39990234375,,297309,,,3288.79501953125,3209.462001953125,Gold,GC=F
2025-05-28,3300.89990234375,3324.5,3273.5,3294.89990234375,,127758,,,3286.860009765625,3215.237998046875,Gold,GC=F
2025-05-29,3283.699951171875,3328.800048828125,3242.39990234375,3317.10009765625,,24370,,,3286.760009765625,3220.7639990234375,Gold,GC=F
2025-05-30,3315.10009765625,3318.0,3270.89990234375,3288.89990234375,,184770,,,3290.095007324219,3225.717998046875,Gold,GC=F
2025-06-02,3323.0,3408.10009765625,3319.39990234375,3397.199951171875,,180995,,,3297.790002441406,3232.78599609375,Gold,GC=F
2025-06-03,3406.5,3417.800048828125,3357.199951171875,3377.10009765625,,168220,,,3300.5300048828126,3239.9,Gold,GC=F
2025-06-04,3377.800048828125,3409.699951171875,3366.89990234375,3399.199951171875,,167220,,,3299.35,3247.5719970703126,Gold,GC=F
2025-06-05,3398.0,3427.699951171875,3362.300048828125,3375.10009765625,,224859,,,3298.510009765625,3254.5560009765627,Gold,GC=F
2025-06-06,3377.39990234375,3398.300048828125,3328.800048828125,3346.60009765625,,185366,,,3300.5400146484376,3261.0380029296875,Gold,GC=F
2025-06-09,3333.39990234375,3359.0,3313.10009765625,3354.89990234375,,142005,,,3301.085009765625,3266.9160009765624,Gold,GC=F
2025-06-10,3346.300048828125,3370.39990234375,3321.300048828125,3343.39990234375,,158897,,,3306.8550048828124,3272.0539990234374,Gold,GC=F
2025-06-11,3344.300048828125,3382.300048828125,3335.39990234375,3343.699951171875,,201534,,,3311.65,3276.4719970703127,Gold,GC=F
2025-06-12,3377.5,3419.800048828125,3358.5,3402.39990234375,,230166,,,3322.3549926757814,3281.5999951171875,Gold,GC=F
2025-06-13,3406.699951171875,3468.0,3399.60009765625,3452.800048828125,,270627,,,3333.664990234375,3287.3319970703124,Gold,GC=F
2025-06-16,3473.0,3476.300048828125,3400.89990234375,3417.300048828125,,192505,,,3345.1699951171877,3293.2439990234375,Gold,GC=F
2025-06-17,3404.199951171875,3422.699951171875,3384.39990234375,3406.89990234375,,209083,,,3353.839990234375,3300.6739990234373,Gold,GC=F
2025-06-18,3409.0,3419.0,3380.10009765625,3408.10009765625,,0,,,3360.014990234375,3309.3639990234374,Gold,GC=F
2025-06-20,3387.10009765625,3405.199951171875,3356.199951171875,3385.699951171875,,280833,,,3363.6249877929686,3317.2739990234377,Gold,GC=F
2025-06-23,3400.699951171875,3413.800048828125,3361.39990234375,3395.0,,193872,,,3368.6249877929686,3323.5860009765624,Gold,GC=F
2025-06-24,3383.800048828125,3385.0,3308.300048828125,3333.89990234375,,227429,,,3367.02998046875,3326.7139990234373,Gold,GC=F
2025-06-25,3338.10009765625,3351.300048828125,3325.5,3343.10009765625,,130010,,,3369.164990234375,3328.6839990234375,Gold,GC=F
2025-06-26,3347.5,3363.89990234375,3322.5,3348.0,,155584,,,3371.8199951171873,3331.117998046875,Gold,GC=F
2025-06-27,3341.300048828125,3341.39990234375,3266.5,3287.60009765625,,218869,,,3370.3449951171874,3332.062001953125,Gold,GC=F
2025-06-30,3284.300048828125,3321.60009765625,3250.5,3307.699951171875,,144201,,,3371.2849975585937,3331.2880029296875,Gold,GC=F
2025-07-01,3315.699951171875,3370.5,3313.699951171875,3349.800048828125,,168854,,,3368.915002441406,3331.716005859375,Gold,GC=F
2025-07-02,3350.0,3371.0,3337.199951171875,3359.699951171875,,132187,,,3368.0449951171877,3330.40400390625,Gold,GC=F
2025-07-03,3369.0,3376.89990234375,3321.39990234375,3342.89990234375,,0,,,3365.2299926757814,3328.87400390625,Gold,GC=F
2025-07-04,3335.0,3355.0,3332.800048828125,3346.5,,0,,,3363.7999877929688,3329.922001953125,Gold,GC=F
2025-07-07,3344.5,3352.89990234375,3304.39990234375,3342.800048828125,,235762,,,3363.6099853515625,3329.8060009765627,Gold,GC=F
2025-07-08,3348.89990234375,3355.60009765625,3295.39990234375,3316.89990234375,,218029,,,3361.7099853515624,3330.1760009765626,Gold,GC=F
2025-07-09,3310.60009765625,3325.60009765625,3290.199951171875,3321.0,,167968,,,3360.589990234375,3329.642001953125,Gold,GC=F
2025-07-10,3322.199951171875,3339.39990234375,3319.199951171875,3325.699951171875,,168190,,,3359.689990234375,3329.4839990234377,Gold,GC=F
2025-07-11,3333.10009765625,3381.60009765625,3332.300048828125,3364.0,,216883,,,3357.7699951171876,3330.3819970703125,Gold,GC=F
2025-07-14,3376.5,3389.300048828125,3348.5,3359.10009765625,,195336,,,3353.084997558594,3333.12,Gold,GC=F
2025-07-15,3352.0,3375.39990234375,3327.300048828125,3336.699951171875,,179884,,,3349.0549926757812,3334.987998046875,Gold,GC=F
2025-07-16,3330.5,3385.800048828125,3326.10009765625,3359.10009765625,,235160,,,3346.665002441406,3335.7239990234375,Gold,GC=F
2025-07-17,3354.699951171875,3358.199951171875,3314.300048828125,3345.300048828125,,161740,,,3343.525,3334.1739990234373,Gold,GC=F
2025-07-18,3347.5,3368.0,3337.199951171875,3358.300048828125,,115413,,,3342.1550048828126,3333.502001953125,Gold,GC=F
2025-07-21,3355.60009765625,3416.89990234375,3351.0,3406.39990234375,,191195,,,3342.725,3335.51,Gold,GC=F
2025-07-22,3410.699951171875,3447.5,3394.89990234375,3443.699951171875,,227372,,,3348.2150024414063,3337.5039990234377,Gold,GC=F
2025-07-23,3444.300048828125,3451.699951171875,3390.60009765625,3397.60009765625,,263025,,,3350.9400024414062,3340.8960009765624,Gold,GC=F
2025-07-24,3398.60009765625,3401.10009765625,3355.199951171875,3373.5,,215271,,,3352.2150024414063,3343.41,Gold,GC=F
2025-07-25,3372.10009765625,3376.60009765625,3325.5,3335.60009765625,,196380,,,3354.6150024414064,3346.3560009765624,Gold,GC=F
2025-07-28,3321.10009765625,3345.39990234375,3300.0,3310.0,,180215,,,3354.7300048828124,3348.0239990234377,Gold,GC=F
2025-07-29,3313.39990234375,3332.300048828125,3305.800048828125,3324.0,,113144,,,3353.4400024414062,3350.76,Gold,GC=F
2025-07-30,3325.800048828125,3331.800048828125,3263.89990234375,3295.800048828125,,19252,,,3350.245007324219,3352.0060009765625,Gold,GC=F
2025-07-31,3272.89990234375,3312.0,3272.89990234375,3293.199951171875,,158029,,,3347.760009765625,3352.177998046875,Gold,GC=F
2025-08-01,3342.699951171875,3416.89990234375,3331.39990234375,3399.800048828125,,229954,,,3350.425012207031,3353.9039990234373,Gold,GC=F
2025-08-04,3416.60009765625,3439.5,3397.89990234375,3426.39990234375,,138229,,,3354.6050048828124,3356.5319970703126,Gold,GC=F
2025-08-05,3428.89990234375,3444.89990234375,3403.300048828125,3434.699951171875,,154163,,,3360.495007324219,3357.9099951171875,Gold,GC=F
2025-08-06,3434.89990234375,3440.5,3411.699951171875,3433.39990234375,,151580,,,3366.1150024414064,3360.5699951171873,Gold,GC=F
2025-08-07,3431.800048828125,3483.800048828125,3430.0,3453.699951171875,,249091,,,3372.515002441406,3363.74599609375,Gold,GC=F
2025-08-08,3487.89990234375,3534.10009765625,3445.0,3491.300048828125,,321346,,,3378.8800048828125,3367.2299951171876,Gold,GC=F
2025-08-11,3458.10009765625,3466.300048828125,3393.0,3404.699951171875,,224513,,,3381.1599975585937,3369.54599609375,Gold,GC=F
2025-08-12,3393.60009765625,3410.800048828125,3379.10009765625,3399.0,,193820,,,3384.275,3369.5819970703124,Gold,GC=F
2025-08-13,3399.60009765625,3422.60009765625,3392.699951171875,3408.300048828125,,135846,,,3386.734997558594,3370.20599609375,Gold,GC=F
2025-08-14,3407.199951171875,3423.800048828125,3375.5,3383.199951171875,,165697,,,3388.629992675781,3369.88599609375,Gold,GC=F
2025-08-15,3383.199951171875,3394.800048828125,3377.699951171875,3382.60009765625,,118486,,,3389.8449951171874,3370.03599609375,Gold,GC=F
2025-08-18,3382.39990234375,3403.60009765625,3368.0,3378.0,,119141,,,3388.425,3370.663994140625,Gold,GC=F
2025-08-19,3378.300048828125,3389.699951171875,3358.10009765625,3358.699951171875,,133497,,,3384.175,3370.7399951171874,Gold,GC=F
2025-08-20,3359.0,3394.300048828125,3353.39990234375,3388.5,,135521,,,3383.7199951171874,3371.6419970703123,Gold,GC=F
2025-08-21,3392.199951171875,3394.39990234375,3367.39990234375,3381.60009765625,,123500,,,3384.125,3372.4,Gold,GC=F
2025-08-22,3383.300048828125,3423.39990234375,3362.800048828125,3418.5,,186037,,,3388.2699951171876,3372.722001953125,Gold,GC=F
2025-08-25,3417.60009765625,3421.5,3405.5,3417.5,,97780,,,3393.6449951171876,3372.0160009765623,Gold,GC=F
2025-08-26,3410.800048828125,3443.300048828125,3396.10009765625,3433.0,,176297,,,3399.0949951171874,3372.33,Gold,GC=F
2025-08-27,3443.0,3452.5,3422.199951171875,3448.60009765625,,153806,,,3406.734997558594,3373.16400390625,Gold,GC=F
2025-08-28,3452.60009765625,3478.699951171875,3442.5,3474.300048828125,,156602,,,3415.790002441406,3374.4880029296874,Gold,GC=F
2025-08-29,3477.199951171875,3518.5,3463.0,3516.10009765625,,0,,,3421.6050048828124,3377.096005859375,Gold,GC=F
2025-09-02,3517.89990234375,3602.39990234375,3506.0,3592.199951171875,,374141,,,3429.8950073242186,3381.0400048828124,Gold,GC=F
2025-09-03,3600.0,3640.10009765625,3592.39990234375,3635.5,,220786,,,3439.935009765625,3387.0720068359374,Gold,GC=F
2025-09-04,3619.800048828125,3621.60009765625,3573.699951171875,3606.699951171875,,232579,,,3448.6000122070313,3392.34400390625,Gold,GC=F
2025-09-05,3602.0,3655.5,3595.39990234375,3653.300048828125,,237651,,,3458.5800170898438,3398.4500048828127,Gold,GC=F
2025-09-08,3635.0,3685.699951171875,3621.699951171875,3677.39990234375,,227640,,,3467.885009765625,3406.2460009765623,Gold,GC=F
2025-09-09,3676.60009765625,3715.199951171875,3663.699951171875,3682.199951171875,,262656,,,3481.760009765625,3413.7360009765625,Gold,GC=F
2025-09-10,3662.0,3697.5,3651.39990234375,3682.0,,182028,,,3495.910009765625,3420.38,Gold,GC=F
2025-09-11,3680.60009765625,3687.5,3651.0,3673.60009765625,,214612,,,3509.175012207031,3426.6580029296874,Gold,GC=F
2025-09-12,3672.800048828125,3695.5,3667.300048828125,3686.39990234375,,154559,,,3524.335009765625,3433.5280029296873,Gold,GC=F
2025-09-15,3680.199951171875,3724.89990234375,3662.800048828125,3719.0,,189452,,,3541.1550048828126,3440.9780029296876,Gold,GC=F
2025-09-16,3720.300048828125,3739.89990234375,3711.800048828125,3725.10009765625,,192295,,,3558.510009765625,3448.62400390625,Gold,GC=F
2025-09-17,3727.300048828125,3744.0,3679.5,3717.800048828125,,256047,,,3576.4650146484373,3456.6420068359375,Gold,GC=F
2025-09-18,3692.5,3707.300048828125,3660.5,3678.300048828125,,224128,,,3590.9550170898438,3463.7880078125,Gold,GC=F
2025-09-19,3677.699951171875,3719.60009765625,3664.39990234375,3705.800048828125,,186954,,,3607.1650146484376,3471.390009765625,Gold,GC=F
2025-09-22,3721.300048828125,3783.300048828125,3718.10009765625,3775.10009765625,,219170,,,3624.99501953125,3479.61201171875,Gold,GC=F
2025-09-23,3781.199951171875,3824.60009765625,3772.39990234375,3815.699951171875,,291564,,,3644.9050170898436,3488.7440087890627,Gold,GC=F
2025-09-24,3796.89990234375,3812.60009765625,3749.699951171875,3768.10009765625,,236560,,,3661.660021972656,3497.37201171875,Gold,GC=F
2025-09-25,3768.300048828125,3792.300048828125,3751.89990234375,3771.10009765625,,262183,,,3677.785021972656,3505.61201171875,Gold,GC=F
2025-09-26,3781.5,3814.39990234375,3764.0,3809.0,,214083,,,3694.52001953125,3514.8860107421874,Gold,GC=F
2025-09-29,3788.800048828125,3863.699951171875,3785.5,3855.199951171875,,258145,,,3711.4750122070313,3524.8240087890626,Gold,GC=F
2025-09-30,3863.10009765625,3899.199951171875,3820.60009765625,3873.199951171875,,312257,,,3725.525012207031,3534.160009765625,Gold,GC=F
2025-10-01,3887.699951171875,3922.699951171875,3880.300048828125,3897.5,,290470,,,3738.6250122070314,3543.2360107421873,Gold,GC=F
2025-10-02,3892.699951171875,3923.300048828125,3842.800048828125,3868.10009765625,,284217,,,3751.69501953125,3552.6460107421876,Gold,GC=F
2025-10-03,3880.39990234375,3916.800048828125,3861.10009765625,3908.89990234375,,218284,,,3764.4750122070313,3563.3540087890624,Gold,GC=F
2025-10-06,3913.5,3994.5,3909.199951171875,3976.300048828125,,278143,,,3779.42001953125,3576.1680078125,Gold,GC=F
2025-10-07,3983.0,4014.60009765625,3963.39990234375,4004.39990234375,,297512,,,3795.5300170898436,3590.056005859375,Gold,GC=F
2025-10-08,4007.10009765625,4081.0,4005.60009765625,4070.5,,348778,,,3814.9550170898438,3604.986005859375,Gold,GC=F
2025-10-09,4061.800048828125,4077.89990234375,3957.89990234375,3972.60009765625,,461023,,,3829.9050170898436,3618.5220068359376,Gold,GC=F
2025-10-10,3990.10009765625,4038.60009765625,3961.199951171875,4000.39990234375,,357542,,,3845.605017089844,3632.666005859375,Gold,GC=F
2025-10-13,4018.300048828125,4137.2001953125,4011.300048828125,4133.0,,357542,,,3866.3050170898437,3647.3300048828123,Gold,GC=F
2025-10-14,4130.89990234375,4190.89990234375,4105.0,4163.39990234375,,405991,,,3888.220007324219,3662.0700048828126,Gold,GC=F
2025-10-15,4160.10009765625,4235.7998046875,4157.2998046875,4201.60009765625,,309914,,,3912.410009765625,3677.4080078125,Gold,GC=F
2025-10-16,4225.10009765625,4346.7001953125,4214.5,4304.60009765625,,375196,,,3943.7250122070313,3694.83201171875,Gold,GC=F
2025-10-17,4348.10009765625,4392.0,4196.0,4213.2998046875,,569847,,,3969.1,3710.0240087890625,Gold,GC=F
2025-10-20,4269.0,4398.0,4229.7001953125,4359.39990234375,,338235,,,3998.314990234375,3727.386005859375,Gold,GC=F
2025-10-21,4371.0,4393.60009765625,4093.0,4109.10009765625,,535325,,,4012.984997558594,3741.4740087890623,Gold,GC=F
2025-10-22,4137.0,4175.0,4021.199951171875,4065.39990234375,,468711,,,4027.849987792969,3754.8020068359374,Gold,GC=F
2025-10-23,4114.7998046875,4171.5,4079.60009765625,4145.60009765625,,271973,,,4046.574987792969,3769.5480078125,Gold,GC=F
2025-10-24,4144.0,4159.0,4055.699951171875,4137.7998046875,,297599,,,4063.0149780273437,3784.6400048828127,Gold,GC=F
2025-10-27,4103.2001953125,4123.7998046875,3985.89990234375,4019.699951171875,,330749,,,4071.2399780273436,3797.382001953125,Gold,GC=F
2025-10-28,3999.89990234375,4034.199951171875,3901.300048828125,3983.10009765625,,338428,,,4076.7349853515625,3809.48400390625,Gold,GC=F
2025-10-29,3967.199951171875,4046.199951171875,3930.0,4000.699951171875,,288266,,,4081.894982910156,3822.32400390625,Gold,GC=F
2025-10-30,3942.800048828125,4041.5,3925.10009765625,4015.89990234375,,246321,,,4089.2849731445312,3834.872001953125,Gold,GC=F
2025-10-31,4038.199951171875,4059.89990234375,3982.300048828125,3996.5,,237172,,,4093.6649780273438,3847.17,Gold,GC=F
2025-11-03,4001.0,4043.10009765625,3971.300048828125,4014.0,,0,,,4095.5499755859373,3859.08,Gold,GC=F
2025-11-04,4013.699951171875,4018.0,3937.10009765625,3960.5,,250259,,,4093.35498046875,3869.94,Gold,GC=F
2025-11-05,3939.5,4000.699951171875,3935.699951171875,3992.89990234375,,175161,,,4089.4749755859375,3881.137998046875,Gold,GC=F
2025-11-06,3992.39990234375,4028.699951171875,3973.199951171875,3991.0,,188688,,,4090.394970703125,3891.98599609375,Gold,GC=F
2025-11-07,3986.89990234375,4035.800048828125,3981.60009765625,4009.800048828125,,208649,,,4090.8649780273436,3902.69599609375,Gold,GC=F
2025-11-10,4007.199951171875,4124.0,4004.199951171875,4122.0,,253812,,,4090.314978027344,3914.813994140625,Gold,GC=F
2025-11-11,4124.0,4155.0,4102.7998046875,4116.2998046875,,252249,,,4087.9599731445314,3925.2959912109377,Gold,GC=F
2025-11-12,4132.2001953125,4218.5,4104.39990234375,4213.60009765625,,296796,,,4088.5599731445313,3936.8579931640625,Gold,GC=F
2025-11-13,4202.39990234375,4250.0,4148.5,4194.5,,319216,,,4083.054968261719,3948.613994140625,Gold,GC=F
2025-11-14,4174.89990234375,4215.10009765625,4032.60009765625,4094.199951171875,,342176,,,4077.0999755859375,3957.4319921875,Gold,GC=F
2025-11-17,4084.39990234375,4107.60009765625,4006.800048828125,4074.5,,235352,,,4062.85498046875,3965.373994140625,Gold,GC=F
2025-11-18,4045.60009765625,4083.699951171875,3997.39990234375,4066.5,,233302,,,4060.7249755859375,3973.0599951171876,Gold,GC=F
2025-11-19,4067.800048828125,4134.2998046875,4055.60009765625,4082.800048828125,,233696,,,4061.5949829101564,3981.07599609375,Gold,GC=F
2025-11-20,4079.89990234375,4109.60009765625,4034.0,4060.0,,272355,,,4057.314978027344,3988.803994140625,Gold,GC=F
2025-11-21,4074.89990234375,4101.0,4018.10009765625,4079.5,,257813,,,4054.3999877929687,3996.66599609375,Gold,GC=F
2025-11-24,4069.199951171875,4138.2001953125,4036.39990234375,4094.199951171875,,223055,,,4058.1249877929686,4004.1699951171877,Gold,GC=F
2025-11-25,4133.5,4156.2998046875,4106.7001953125,4140.0,,132704,,,4065.9699829101564,4012.4679931640626,Gold,GC=F
2025-11-26,4128.60009765625,4171.0,4127.5,4165.2001953125,,25088,,,4074.1949951171873,4021.41599609375,Gold,GC=F
2025-11-28,4198.60009765625,4263.10009765625,4174.60009765625,4254.89990234375,,154806,,,4086.1449951171876,4032.9479931640626,Gold,GC=F
2025-12-01,4258.5,4299.60009765625,4241.10009765625,4274.7998046875,,227572,,,4100.059985351562,4044.32798828125,Gold,GC=F
2025-12-02,4265.2998046875,4269.2001953125,4194.0,4220.7998046875,,215921,,,4110.399975585938,4053.241982421875,Gold,GC=F
2025-12-03,4241.60009765625,4273.2998046875,4225.10009765625,4232.5,,176443,,,4123.999975585937,4061.5779833984375,Gold,GC=F
2025-12-04,4234.5,4251.10009765625,4203.2998046875,4243.0,,161251,,,4136.50498046875,4071.0759814453127,Gold,GC=F
2025-12-05,4239.5,4290.5,4221.39990234375,4243.0,,193599,,,4149.10498046875,4080.5139794921874,Gold,GC=F
2025-12-08,4228.10009765625,4247.89990234375,4204.0,4217.7001953125,,149813,,,4159.499987792969,4088.6879833984376,Gold,GC=F
2025-12-09,4219.60009765625,4251.7001953125,4197.7998046875,4236.2001953125,,177366,,,4165.209997558593,4096.30798828125,Gold,GC=F
2025-12-10,4237.5,4268.7998046875,4207.7998046875,4224.7001953125,,186178,,,4170.630017089844,4103.337993164063,Gold,GC=F
2025-12-11,4258.2998046875,4317.2998046875,4231.2001953125,4313.0,,228282,,,4175.600012207031,4111.647993164062,Gold,GC=F
2025-12-12,4309.10009765625,4387.7998046875,4286.0,4328.2998046875,,292175,,,4182.290002441407,4120.851987304687,Gold,GC=F
2025-12-15,4330.0,4384.2998046875,4315.89990234375,4335.2001953125,,207700,,,4194.340014648437,4129.377993164063,Gold,GC=F
2025-12-16,4334.2998046875,4367.89990234375,4297.39990234375,4332.2998046875,,212277,,,4207.230004882813,4136.49798828125,Gold,GC=F
2025-12-17,4333.5,4383.60009765625,4330.7001953125,4373.89990234375,,212413,,,4222.6,4143.88798828125,Gold,GC=F
2025-12-18,4371.5,4409.5,4338.0,4364.5,,234460,,,4236.684997558594,4149.76798828125,Gold,GC=F
2025-12-19,4363.60009765625,4389.0,4336.2998046875,4387.2998046875,,165214,,,4253.049987792969,4158.061982421875,Gold,GC=F
2025-12-22,4369.89990234375,4484.5,4367.89990234375,4469.39990234375,,203043,,,4272.544982910156,4167.441982421875,Gold,GC=F
2025-12-23,4481.7998046875,4530.7998046875,4457.7001953125,4505.7001953125,,248418,,,4293.1199951171875,4174.895986328125,Gold,GC=F
2025-12-24,4516.7001953125,4555.10009765625,4474.2998046875,4502.7998046875,,151576,,,4311.259985351562,4181.683984375,Gold,GC=F
2025-12-26,4523.5,4584.0,4518.0,4552.7001953125,,181246,,,4330.634985351562,4188.705986328125,Gold,GC=F
2025-12-29,4568.0,4581.2998046875,4316.0,4343.60009765625,,316961,,,4335.069995117187,4189.485986328125,Gold,GC=F
2025-12-30,4350.2998046875,4420.5,4338.7998046875,4386.2998046875,,189751,,,4340.644995117187,4192.945986328125,Gold,GC=F
2025-12-31,4353.0,4384.89990234375,4284.2998046875,4341.10009765625,,161782,,,4346.660009765625,4192.579990234375,Gold,GC=F
2026-01-02,4340.0,4414.7998046875,4319.7001953125,4329.60009765625,,154807,,,4351.5150146484375,4196.989990234375,Gold,GC=F
2026-01-05,4368.2998046875,4467.60009765625,4354.60009765625,4451.5,,211711,,,4361.940014648438,4204.7119921875,Gold,GC=F
2026-01-06,4459.7998046875,4508.2998046875,4437.89990234375,4496.10009765625,,176584,,,4374.59501953125,4211.7219921875,Gold,GC=F
2026-01-07,4505.39990234375,4512.39990234375,4432.89990234375,4462.5,,202783,,,4386.835009765625,4218.21599609375,Gold,GC=F
2026-01-08,4467.10009765625,4489.2998046875,4415.0,4460.7001953125,,208958,,,4398.060009765625,4227.036000976563,Gold,GC=F
2026-01-09,4489.2998046875,4527.0,4461.7998046875,4500.89990234375,,217946,,,4411.8699951171875,4237.391997070313,Gold,GC=F
2026-01-12,4529.10009765625,4640.5,4520.7998046875,4614.7001953125,,307991,,,4426.955004882812,4249.672001953125,Gold,GC=F
2026-01-13,4610.0,4644.0,4576.7001953125,4599.10009765625,,267451,,,4440.49501953125,4261.336005859375,Gold,GC=F
2026-01-14,4594.2998046875,4650.5,4594.2998046875,4635.7001953125,,306299,,,4455.52001953125,4274.120009765625,Gold,GC=F
2026-01-15,4635.7001953125,4637.2001953125,4584.0,4623.7001953125,,226481,,,4470.0900390625,4286.314013671875,Gold,GC=F
2026-01-16,4621.60009765625,4625.5,4539.10009765625,4595.39990234375,,246155,,,4481.1650390625,4299.01201171875,Gold,GC=F
2026-01-20,4633.7001953125,4771.5,4622.2001953125,4765.7998046875,,414495,,,4501.230029296875,4314.470009765625,Gold,GC=F
2026-01-21,4767.5,4891.10009765625,4757.10009765625,4837.5,,400518,,,4523.7400390625,4331.400009765625,Gold,GC=F
2026-01-22,4836.2001953125,4944.2998046875,4772.7001953125,4913.39990234375,,265088,,,4545.9400390625,4349.4720068359375,Gold,GC=F
2026-01-23,4940.0,4991.39990234375,4901.2001953125,4979.7001953125,,276594,,,4569.6400390625,4366.626010742188,Gold,GC=F
2026-01-26,5013.39990234375,5107.89990234375,4983.60009765625,5082.5,,433111,,,4598.625048828125,4385.950014648438,Gold,GC=F
2026-01-27,5005.5,5190.7998046875,5004.5,5082.60009765625,,325759,,,4625.120043945312,4403.330014648437,Gold,GC=F
2026-01-28,5179.0,5415.2001953125,5154.7998046875,5303.60009765625,,112054,,,4673.120043945312,4425.512016601562,Gold,GC=F
2026-01-29,5415.7001953125,5586.2001953125,5097.5,5318.39990234375,,570055,,,4719.725048828125,4449.996015625,Gold,GC=F
2026-01-30,5410.0,5480.2001953125,4700.39990234375,4745.10009765625,,508003,,,4739.925048828125,4463.408017578125,Gold,GC=F
2026-02-02,4816.0,4905.60009765625,4423.2001953125,4652.60009765625,,385977,,,4756.075048828125,4475.13001953125,Gold,GC=F
2026-02-03,4691.0,5018.10009765625,4690.2001953125,4935.0,,260114,,,4780.250048828125,4492.174018554688,Gold,GC=F
2026-02-04,4966.10009765625,5113.89990234375,4867.7001953125,4950.7998046875,,245957,,,4802.985034179687,4509.990014648438,Gold,GC=F
2026-02-05,4986.60009765625,5045.0,4779.60009765625,4889.5,,234592,,,4824.335034179688,4526.190014648438,Gold,GC=F
2026-02-06,4800.0,4995.60009765625,4670.0,4979.7998046875,,177809,,,4850.290014648437,4543.90201171875,Gold,GC=F
2026-02-09,5003.60009765625,5111.10009765625,4988.60009765625,5079.39990234375,,124150,,,4879.215014648437,4562.690009765625,Gold,GC=F
2026-02-10,5084.2998046875,5102.7001953125,5011.0,5031.0,,105658,,,4900.030004882812,4580.006005859375,Gold,GC=F
2026-02-11,5048.0,5144.5,5036.2998046875,5098.5,,129968,,,4925.0,4596.8780078125,Gold,GC=F
2026-02-12,5107.2998046875,5122.7998046875,4900.0,4948.39990234375,,161618,,,4940.634985351562,4610.350009765625,Gold,GC=F
2026-02-13,4950.0,5069.10009765625,4907.10009765625,5046.2998046875,,123016,,,4961.764965820313,4626.860009765625,Gold,GC=F
2026-02-17,5050.0,5074.39990234375,4854.2001953125,4905.89990234375,,166706,,,4977.289965820312,4640.3280078125,Gold,GC=F
2026-02-18,4898.5,5031.89990234375,4868.5,5009.5,,98203,,,4989.4749755859375,4655.6580078125,Gold,GC=F
2026-02-19,4993.7001953125,5042.7998046875,4971.5,4997.39990234375,,87026,,,4997.469970703125,4670.746005859375,Gold,GC=F
2026-02-20,5015.0,5131.0,4999.2998046875,5080.89990234375,,136737,,,5005.844970703125,4688.01,Gold,GC=F
2026-02-23,5128.7998046875,5257.2998046875,5120.39990234375,5225.60009765625,,140957,,,5018.139965820313,4707.797998046875,Gold,GC=F
2026-02-24,5247.5,5269.39990234375,5109.5,5176.2998046875,,145961,,,5022.8299560546875,4726.829990234375,Gold,GC=F
2026-02-25,5160.0,5237.2998046875,5135.89990234375,5226.2001953125,,110992,,,5030.0099609375,4745.093994140625,Gold,GC=F
2026-02-26,5175.2998046875,5221.89990234375,5144.7998046875,5194.2001953125,,131633,,,5024.539965820312,4762.412001953125,Gold,GC=F
2026-02-27,5201.89990234375,5299.0,5182.89990234375,5247.89990234375,,151664,,,5021.014965820313,4780.66599609375,Gold,GC=F
2026-03-02,5360.0,5434.10009765625,5272.89990234375,5311.60009765625,,227839,,,5049.3399658203125,4800.252001953125,Gold,GC=F
2026-03-03,5335.7001953125,5394.2001953125,5005.0,5123.7001953125,,273216,,,5072.894970703125,4815.2480078125,Gold,GC=F
2026-03-04,5110.0,5218.2998046875,5092.7998046875,5134.7001953125,,146885,,,5082.87998046875,4830.65201171875,Gold,GC=F
2026-03-05,5155.7001953125,5204.2998046875,5058.89990234375,5078.7001953125,,151852,,,5089.275,4844.48001953125,Gold,GC=F
2026-03-06,5099.7001953125,5185.0,5071.0,5158.7001953125,,160268,,,5102.735009765625,4858.266025390625,Gold,GC=F
2026-03-09,5186.7001953125,5210.39990234375,5021.2001953125,5103.7001953125,,181749,,,5108.930029296875,4870.226025390625,Gold,GC=F
2026-03-10,5152.39990234375,5248.7001953125,5127.10009765625,5242.10009765625,,179577,,,5117.0650390625,4885.01203125,Gold,GC=F
2026-03-11,5194.0,5230.89990234375,5155.89990234375,5179.10009765625,,140336,,,5124.470043945313,4897.540029296875,Gold,GC=F
2026-03-12,5185.39990234375,5197.7998046875,5058.2001953125,5125.7998046875,,153533,,,5125.835034179688,4913.1840234375,Gold,GC=F
2026-03-13,5084.0,5132.39990234375,5014.10009765625,5061.7001953125,,160333,,,5131.500048828125,4926.69203125,Gold,GC=F
2026-03-16,5010.0,5044.5,4970.10009765625,5002.2001953125,,170909,,,5129.295068359375,4939.914033203125,Gold,GC=F
2026-03-17,5012.2001953125,5049.39990234375,4977.0,5008.2001953125,,119419,,,5134.410083007812,4953.48603515625,Gold,GC=F
2026-03-18,5010.60009765625,5022.0,4809.2998046875,4896.2001953125,,217316,,,5128.745092773437,4962.3800390625,Gold,GC=F
2026-03-19,4828.0,4868.7001953125,4505.0,4605.7001953125,,303828,,,5109.160107421875,4964.572041015625,Gold,GC=F
2026-03-20,4653.89990234375,4738.2001953125,4478.39990234375,4574.89990234375,,226870,,,5083.860107421875,4966.8200390625,Gold,GC=F
2026-03-23,4450.0,4537.10009765625,4100.0,4407.2998046875,,398666,,,5042.945092773438,4965.75203125,Gold,GC=F
2026-03-24,4414.7998046875,4485.60009765625,4306.2998046875,4402.0,,209745,,,5004.2301025390625,4963.774033203125,Gold,GC=F
2026-03-25,4473.5,4601.0,4458.2001953125,4552.2998046875,,245178,,,4970.535083007812,4962.526025390625,Gold,GC=F
2026-03-26,4508.89990234375,4541.60009765625,4348.2001953125,4376.2998046875,,247440,,,4929.640063476562,4958.07001953125,Gold,GC=F
2026-03-27,4371.7998046875,4552.10009765625,4369.10009765625,4492.5,,74348,,,4891.870068359375,4955.206015625,Gold,GC=F
2026-03-30,4482.7998046875,4579.10009765625,4413.39990234375,4526.0,,10816,,,4852.590063476562,4953.25201171875,Gold,GC=F
2026-03-31,4510.0,4684.10009765625,4508.60009765625,4647.60009765625,,176389,,,4828.78505859375,4954.296015625,Gold,GC=F
2026-04-01,4698.39990234375,4821.0,4690.0,4813.10009765625,,166758,,,4812.705053710937,4955.242021484375,Gold,GC=F
2026-04-02,4783.0,4825.89990234375,4580.39990234375,4679.7001953125,,0,,,4792.755053710937,4952.086025390625,Gold,GC=F
2026-04-06,4675.0,4733.10009765625,4626.2001953125,4684.7001953125,,89405,,,4769.0550537109375,4947.51203125,Gold,GC=F
2026-04-07,4678.60009765625,4745.7001953125,4631.89990234375,4684.7001953125,,145711,,,4748.105053710938,4941.61203125,Gold,GC=F
2026-04-08,4747.2001953125,4888.0,4720.60009765625,4777.2001953125,,215119,,,4724.86005859375,4935.50603515625,Gold,GC=F
2026-04-09,4744.7998046875,4826.0,4718.60009765625,4818.0,,133629,,,4706.8050537109375,4930.214033203125,Gold,GC=F
2026-04-10,4790.5,4820.0,4752.7001953125,4787.39990234375,,121566,,,4689.88505859375,4919.890029296875,Gold,GC=F
2026-04-13,4710.0,4774.39990234375,4626.0,4767.39990234375,,127322,,,4675.1700439453125,4908.870029296875,Gold,GC=F
2026-04-14,4769.2998046875,4870.2998046875,4767.60009765625,4850.10009765625,,129586,,,4667.5650390625,4910.970029296875,Gold,GC=F
2026-04-15,4862.7001953125,4895.39990234375,4807.89990234375,4823.60009765625,,106707,,,4658.335034179688,4914.390029296875,Gold,GC=F
2026-04-16,4813.60009765625,4861.2998046875,4792.10009765625,4808.2998046875,,108864,,,4653.940014648438,4911.856025390625,Gold,GC=F
2026-04-17,4811.7998046875,4917.7001953125,4785.89990234375,4879.60009765625,,135440,,,4667.635009765625,4910.43203125,Gold,GC=F
2026-04-20,4811.7998046875,4847.89990234375,4752.0,4828.7998046875,,123214,,,4680.330004882812,4909.21802734375,Gold,GC=F
2026-04-21,4842.39990234375,4854.7998046875,4685.7998046875,4719.60009765625,,177092,,,4695.94501953125,4904.014033203125,Gold,GC=F
2026-04-22,4738.7001953125,4790.7998046875,4733.10009765625,4753.0,,100063,,,4713.49501953125,4897.48603515625,Gold,GC=F
2026-04-23,4759.2001953125,4771.2998046875,4680.10009765625,4724.0,,153536,,,4722.080029296875,4891.34603515625,Gold,GC=F
2026-04-24,4715.60009765625,4757.10009765625,4672.2001953125,4740.89990234375,,103218,,,4740.310034179687,4884.194033203125,Gold,GC=F
2026-04-27,4713.10009765625,4745.7998046875,4681.2001953125,4693.7001953125,,85748,,,4750.370043945312,4879.1000390625,Gold,GC=F
2026-04-28,4697.5,4716.5,4567.60009765625,4608.39990234375,,144757,,,4754.4900390625,4870.342041015625,Gold,GC=F
2026-04-29,4611.39990234375,4624.2998046875,4522.2001953125,4561.5,,126415,,,4750.185034179687,4863.45404296875,Gold,GC=F
2026-04-30,4557.0,4658.7998046875,4550.7998046875,4629.60009765625,,119642,,,4741.010034179688,4855.856044921875,Gold,GC=F
2026-05-01,4636.89990234375,4673.0,4570.0,4644.5,,93230,,,4739.250024414063,4848.798046875,Gold,GC=F
2026-05-04,4644.0,4650.60009765625,4510.10009765625,4533.2998046875,,117006,,,4731.680004882813,4837.846044921875,Gold,GC=F
2026-05-05,4534.0,4597.5,4522.7001953125,4568.5,,88281,,,4725.8699951171875,4824.70404296875,Gold,GC=F
2026-05-06,4569.2998046875,4734.60009765625,4556.10009765625,4694.2998046875,,160439,,,4721.7249755859375,4815.06404296875,Gold,GC=F
2026-05-07,4702.2001953125,4775.2001953125,4693.2998046875,4710.89990234375,,159525,,,4716.369970703125,4804.758037109375,Gold,GC=F
2026-05-08,4682.5,4760.39990234375,4671.0,4730.7001953125,,122010,,,4713.534985351563,4795.488037109375,Gold,GC=F
2026-05-11,4690.0,4758.39990234375,4655.10009765625,4728.7001953125,,147404,,,4711.6,4785.10404296875,Gold,GC=F
2026-05-12,4745.2998046875,4783.39990234375,4645.2001953125,4686.7001953125,,146315,,,4703.430004882813,4772.606044921875,Gold,GC=F
2026-05-13,4722.2998046875,4734.7998046875,4676.0,4706.7001953125,,120048,,,4697.585009765625,4764.266044921875,Gold,GC=F
2026-05-14,4696.7998046875,4725.7998046875,4649.2998046875,4685.2998046875,,102965,,,4691.435009765625,4755.278037109375,Gold,GC=F
2026-05-15,4654.5,4670.10009765625,4513.7998046875,4561.89990234375,,169760,,,4675.55,4744.94203125,Gold,GC=F
2026-05-18,4547.60009765625,4588.60009765625,4483.5,4558.0,,151971,,,4662.010009765625,4732.92802734375,Gold,GC=F
2026-05-19,4570.60009765625,4593.2001953125,4467.10009765625,4511.2001953125,,140957,,,4651.590014648437,4721.07802734375,Gold,GC=F
2026-05-20,4486.60009765625,4558.39990234375,4455.0,4535.2998046875,,152270,,,4640.705004882812,4706.942021484375,Gold,GC=F
2026-05-21,4548.0,4572.39990234375,4488.2998046875,4542.5,,153243,,,4631.6300048828125,4694.21001953125,Gold,GC=F
2026-05-22,4544.2001953125,4547.0,4488.0,4523.2001953125,,108508,,,4620.74501953125,4682.15802734375,Gold,GC=F
2026-05-26,4532.0,4583.2998046875,4480.0,4502.2998046875,,254516,,,4611.175,4670.97001953125,Gold,GC=F
2026-05-27,4507.39990234375,4528.10009765625,4398.5,4448.39990234375,,81062,,,4603.175,4659.894013671875,Gold,GC=F
2026-05-28,4453.60009765625,4512.60009765625,4363.5,4499.2998046875,,153472,,,4600.064990234375,4649.716005859375,Gold,GC=F
2026-05-29,4527.60009765625,4627.10009765625,4519.5,4593.0,,133439,,,4598.2349853515625,4643.652001953125,Gold,GC=F
2026-06-01,4575.2001953125,4577.2998046875,4476.0,4506.2998046875,,116787,,,4591.324975585938,4641.663994140625,Gold,GC=F
2026-06-02,4515.7998046875,4571.2998046875,4492.2998046875,4519.89990234375,,100306,,,4590.65498046875,4640.563994140625,Gold,GC=F
2026-06-03,4520.0,4525.10009765625,4454.0,4466.89990234375,,106691,,,4585.574975585938,4641.75599609375,Gold,GC=F
2026-06-04,4462.60009765625,4543.2001953125,4450.10009765625,4505.0,,109643,,,4576.1099853515625,4643.81599609375,Gold,GC=F
2026-06-05,4503.0,4508.7001953125,4336.60009765625,4365.2998046875,,179306,,,4558.82998046875,4640.07599609375,Gold,GC=F
2026-06-08,4354.0,4377.5,4293.0,4363.39990234375,,144089,,,4540.4649658203125,4639.817998046875,Gold,GC=F
2026-06-09,4354.7001953125,4388.60009765625,4259.89990234375,4286.39990234375,,138100,,,4518.349951171875,4635.69599609375,Gold,GC=F
2026-06-10,4276.10009765625,4281.10009765625,4090.10009765625,4133.2998046875,,206026,,,4490.679931640625,4627.8419921875,Gold,GC=F
2026-06-11,4094.39990234375,4241.2998046875,4046.199951171875,4114.0,,206270,,,4461.044921875,4617.169990234375,Gold,GC=F
2026-06-12,4234.89990234375,4267.7998046875,4191.10009765625,4238.7998046875,,136146,,,4438.719921875,4605.683984375,Gold,GC=F
2026-06-15,4289.39990234375,4391.5,4283.39990234375,4351.60009765625,,132136,,,4428.204931640625,4599.121982421875,Gold,GC=F
2026-06-16,4331.2998046875,4376.5,4326.7001953125,4354.39990234375,,89925,,,4418.024926757813,4592.5159765625,Gold,GC=F
2026-06-17,4352.60009765625,4403.60009765625,4237.39990234375,4381.39990234375,,160543,,,4411.534912109375,4586.449970703125,Gold,GC=F
2026-06-18,4275.10009765625,4350.2001953125,4220.2998046875,4245.89990234375,,139534,,,4397.064916992187,4575.82396484375,Gold,GC=F
2026-06-22,4163.89990234375,4238.10009765625,4151.39990234375,4202.7001953125,,177657,,,4380.074926757812,4563.51796875,Gold,GC=F
2026-06-23,4210.7998046875,4216.0,4108.2001953125,4149.39990234375,,118495,,,4361.384912109375,4550.75796875,Gold,GC=F
2026-06-24,4130.0,4132.39990234375,3975.699951171875,4008.800048828125,,189386,,,4336.709924316407,4535.585971679688,Gold,GC=F
2026-06-25,4019.0,4060.0,3976.300048828125,4047.60009765625,,147347,,,4316.669934082031,4519.5359716796875,Gold,GC=F
2026-06-26,4044.39990234375,4111.5,3998.10009765625,4096.2998046875,,118966,,,4296.519934082031,4504.989965820312,Gold,GC=F
2026-06-29,4101.10009765625,4102.89990234375,4012.0,4038.89990234375,,107421,,,4268.814929199219,4489.6019677734375,Gold,GC=F
2026-06-30,4032.5,4078.10009765625,3955.39990234375,4038.5,,125413,,,4245.424938964844,4472.779965820312,Gold,GC=F
2026-07-01,4025.0,4131.0,3973.0,4082.39990234375,,146949,,,4223.549938964844,4457.8519677734375,Gold,GC=F
2026-07-02,4049.199951171875,4157.10009765625,4042.800048828125,4125.7001953125,,0,,,4206.489953613282,4445.973969726562,Gold,GC=F
2026-07-06,4187.5,4215.5,4140.60009765625,4167.5,,147556,,,4189.614953613282,4434.263969726562,Gold,GC=F
2026-07-07,4176.39990234375,4192.39990234375,4102.7001953125,4157.39990234375,,110330,,,4179.219958496094,4422.9319677734375,Gold,GC=F
2026-07-08,4106.5,4144.7001953125,4032.5,4082.39990234375,,170826,,,4165.169958496093,4409.761967773437,Gold,GC=F
2026-07-09,4087.60009765625,4148.39990234375,4063.39990234375,4140.7998046875,,125061,,,4157.889953613281,4398.703959960938,Gold,GC=F
2026-07-10,4135.39990234375,4144.60009765625,4081.699951171875,4113.7001953125,,98745,,,4156.909973144531,4388.809965820313,Gold,GC=F
2026-07-13,4106.60009765625,4111.60009765625,3992.89990234375,4005.699951171875,,154814,,,4151.494970703125,4377.69396484375,Gold,GC=F
2026-07-14,4005.89990234375,4112.5,3990.39990234375,4069.699951171875,,151122,,,4143.039978027344,4366.495961914063,Gold,GC=F
2026-07-15,4059.800048828125,4089.10009765625,4023.300048828125,4051.800048828125,,113034,,,4128.049975585937,4354.641962890625,Gold,GC=F
2026-07-16,4068.89990234375,4071.89990234375,3973.39990234375,3992.10009765625,,125063,,,4109.934985351562,4343.81796875,Gold,GC=F
2026-07-17,3980.10009765625,4028.89990234375,3963.0,4018.800048828125,,112279,,,4091.8049926757812,4332.823969726563,Gold,GC=F
2026-07-20,4005.60009765625,4046.0,3986.5,4015.89990234375,,102847,,,4080.3049926757812,4319.255971679688,Gold,GC=F
2026-07-21,4013.39990234375,4092.5,4003.300048828125,4076.39990234375,,119957,,,4073.9899780273436,4306.565971679687,Gold,GC=F
2026-07-22,4084.699951171875,4171.39990234375,4081.0,4151.89990234375,,132783,,,4074.1149780273436,4294.989965820312,Gold,GC=F
2026-07-23,4126.0,4144.0,4042.5,4050.199951171875,,159889,,,4076.1849731445313,4281.4199609375,Gold,GC=F
2026-07-24,4053.39990234375,4085.199951171875,4024.0,4070.800048828125,,120072,,,4077.344970703125,4269.101958007813,Gold,GC=F
2026-07-27,4097.5,4119.2998046875,4067.10009765625,4077.0,,135087,,,4076.37998046875,4256.507954101562,Gold,GC=F
2026-07-28,4083.0,4085.699951171875,4011.10009765625,4038.699951171875,,167757,,,4076.369982910156,4243.57595703125,Gold,GC=F
2026-07-29,4020.89990234375,4115.2001953125,3993.800048828125,4036.300048828125,,89664,,,4076.2599853515626,4233.063959960938,Gold,GC=F
2026-07-30,4060.699951171875,4118.5,4028.5,4100.10009765625,,149370,,,4077.1449951171876,4223.905961914063,Gold,GC=F
2026-07-31,4163.89990234375,4170.7001953125,4076.39990234375,4107.0,,110633,,,4076.2099853515624,4215.821958007812,Gold,GC=F
2026-08-03,4135.2001953125,4145.5,4074.0,4090.5,,93289,,,4072.3599853515625,4206.925961914062,Gold,GC=F
2026-08-04,4109.60009765625,4163.7998046875,4098.2001953125,4152.60009765625,,118831,,,4072.1199951171875,4199.127963867188,Gold,GC=F
2026-08-05,4133.7998046875,4328.2001953125,4121.60009765625,4305.2001953125,,211902,,,4083.260009765625,4194.767963867187,Gold,GC=F
2026-08-06,4307.0,4363.7001953125,4281.2001953125,4299.60009765625,,167624,,,4091.2000244140627,4190.713969726563,Gold,GC=F
2026-08-07,4298.2998046875,4432.2998046875,4288.0,4399.7001953125,,190635,,,4105.500024414063,4189.739975585938,Gold,GC=F
2026-08-10,4400.0,4453.7998046875,4373.89990234375,4419.7001953125,,118606,,,4126.200036621094,4188.147983398438,Gold,GC=F
2026-08-11,4446.89990234375,4495.0,4415.7001953125,4441.10009765625,,138129,,,4144.770043945313,4185.1099853515625,Gold,GC=F
2026-08-12,4430.0,4502.7001953125,4421.39990234375,4467.5,,153093,,,4165.555041503906,4184.333989257812,Gold,GC=F
2026-08-13,4468.7998046875,4509.10009765625,4400.0,4420.39990234375,,139219,,,4186.970031738281,4182.343989257813,Gold,GC=F
2026-08-14,4408.2001953125,4454.60009765625,4365.5,4437.2998046875,,126955,,,4207.89501953125,4181.751987304688,Gold,GC=F
2026-08-17,4440.0,4486.5,4422.2998046875,4473.7001953125,,121052,,,4230.7850341796875,4181.125991210937,Gold,GC=F
2026-08-18,4473.39990234375,4493.10009765625,4383.2998046875,4420.60009765625,,131150,,,4247.995043945312,4182.231997070313,Gold,GC=F
2026-08-19,4391.39990234375,4582.7998046875,4378.0,4545.2998046875,,250482,,,4267.6650390625,4185.8699951171875,Gold,GC=F
2026-08-20,4580.0,4597.10009765625,4506.0,4571.39990234375,,186475,,,4293.725036621094,4191.569995117187,Gold,GC=F
2026-08-21,4577.0,4690.39990234375,4565.5,4680.60009765625,,195566,,,4324.2150390625,4202.516000976562,Gold,GC=F
2026-08-24,4673.39990234375,4738.5,4651.7998046875,4697.7998046875,,206802,,,4355.255029296875,4214.191997070313,Gold,GC=F
2026-08-25,4710.10009765625,4755.0,4659.5,4694.5,,176784,,,4388.045031738281,4223.306000976562,Gold,GC=F
2026-08-26,4715.7001953125,4730.89990234375,4638.2001953125,4653.2998046875,,151459,,,4418.89501953125,4229.339995117188,Gold,GC=F
2026-08-27,4650.0,4697.7001953125,4616.0,4664.0,,140302,,,4447.090014648437,4235.531997070312,Gold,GC=F
2026-08-28,4656.0,4688.0,4495.0,4529.89990234375,,274603,,,4468.235009765625,4238.501997070312,Gold,GC=F
2026-08-31,4483.2001953125,4521.5,4445.60009765625,4481.5,,152216,,,4487.785009765625,4243.213999023437,Gold,GC=F
2026-09-01,4498.7001953125,4510.5,4369.7001953125,4396.39990234375,,198560,,,4499.975,4247.087993164063,Gold,GC=F
2026-09-02,4377.2001953125,4444.39990234375,4329.2001953125,4414.60009765625,,187568,,,4505.444995117187,4252.391997070313,Gold,GC=F
2026-09-03,4436.39990234375,4558.5,4426.7001953125,4539.89990234375,,209167,,,4517.459985351563,4263.013994140625,Gold,GC=F
2026-09-04,4522.0,4537.7998046875,4412.0,4476.60009765625,,189656,,,4521.30498046875,4271.593994140625,Gold,GC=F
2026-09-08,4466.5,4488.7998046875,4381.0,4439.0,,217162,,,4522.269970703125,4278.447998046875,Gold,GC=F
2026-09-09,4399.0,4479.0,4384.10009765625,4460.7001953125,,164390,,,4523.249975585937,4286.88400390625,Gold,GC=F
2026-09-10,4448.0,4479.89990234375,4354.7001953125,4407.2998046875,,201300,,,4520.239965820312,4294.26,Gold,GC=F
2026-09-11,4359.39990234375,4444.89990234375,4333.0,4408.89990234375,,187975,,,4519.664965820312,4300.79,Gold,GC=F
2026-09-14,4375.0,4396.7998046875,4293.0,4351.89990234375,,187975,,,4515.394970703125,4305.313994140625,Gold,GC=F
2026-09-15,4333.5,4339.5,4322.0,4325.2001953125,,8672,,,4507.969970703125,4308.467998046875,Gold,GC=F
